﻿ANALYSIS,Region,Region_Name,CL_Category,COUNT,AREA_M2,MIN,MAX,RANGE,MEAN,STD,SUM,AREA_HA,AREA_ACRES
high_IV_WOI,Class I Areas,Acadia NP,A (Min Min),57037,51333300,-4.197096,2.591382,6.788477,-0.278136,0.740984,-15864.05526,5133.33,12684.7151
high_IV_WOI,Class I Areas,Boundary Waters Canoe Area Wilderness,A (Min Min),3553960,3198564000,-1.899462,4.181241,6.080703,2.385862,1.140307,8479257.567,319856.4,790381.1572
high_IV_WOI,Class I Areas,Brigantine Wilderness,A (Min Min),4,3600,-5.415051,-4.61943,0.795622,-4.818335,0.344514,-19.27334,0.36,0.889578
high_IV_WOI,Class I Areas,Dolly Sods Wilderness,A (Min Min),45918,41326200,1.732565,6.718466,4.985901,6.201482,0.827798,284759.651,4132.62,10211.91065
high_IV_WOI,Class I Areas,Great Gulf Wilderness,A (Min Min),19050,17145000,3.18053,4.331075,1.150545,3.640673,0.487638,69354.82898,1714.5,4236.615225
high_IV_WOI,Class I Areas,Isle Royale NP,A (Min Min),442969,398672100,-3.508306,4.513706,8.022012,2.370776,1.412902,1050180.123,39867.21,98513.86927
high_IV_WOI,Class I Areas,James River Face Wilderness,A (Min Min),33444,30099600,0.112881,4.64794,4.535059,4.20805,0.375276,140734.0153,3009.96,7437.761658
high_IV_WOI,Class I Areas,Lye Brook Wilderness,A (Min Min),70912,63820800,1.357684,5.595273,4.237589,5.411849,0.321698,383765.0474,6382.08,15770.43878
high_IV_WOI,Class I Areas,Mammoth Cave NP,A (Min Min),213977,192579300,2.768375,7.642464,4.874088,6.405113,1.540785,1370546.762,19257.93,47587.30793
high_IV_WOI,Class I Areas,Moosehorn Wilderness BAR,A (Min Min),11168,10051200,1.343527,1.542466,0.198939,1.416216,0.084637,15816.30121,1005.12,2483.701776
high_IV_WOI,Class I Areas,Moosehorn Wilderness EDM,A (Min Min),9694,8724600,1.568303,1.620691,0.052389,1.601111,0.012801,15521.17454,872.46,2155.892283
high_IV_WOI,Class I Areas,Otter Creek Wilderness,A (Min Min),89187,80268300,1.098145,5.9559,4.857756,5.515904,0.833398,491946.9563,8026.83,19834.69827
high_IV_WOI,Class I Areas,Presidential Range-Dry River Wilderness,A (Min Min),122652,110386800,2.649174,4.804294,2.15512,3.719538,0.660887,456208.7733,11038.68,27277.13021
high_IV_WOI,Class I Areas,Rainbow Lake Wilderness,A (Min Min),30285,27256500,5.764916,6.060139,0.295222,5.869974,0.076016,177772.1777,2725.65,6735.217433
high_IV_WOI,Class I Areas,Seney Wilderness,A (Min Min),74128,66715200,1.0715,3.978723,2.907223,2.887651,1.150519,214055.8065,6671.52,16485.6595
high_IV_WOI,Class I Areas,Shenandoah NP,A (Min Min),795029,715526100,-4.329776,9.90888,14.238656,6.537335,1.473532,5197371.21,71552.61,176810.0769
high_IV_WOI,Class I Areas,Voyageurs NP,A (Min Min),518654,466788600,-3.959804,2.572243,6.532046,1.564056,1.190782,811204.0891,46678.86,115345.797
high_IV_WOI,Class I Areas,Acadia NP,B (Max Min),57037,51333300,-15.697096,-0.08779,15.609306,-13.984755,3.817861,-797648.4993,5133.33,12684.7151
high_IV_WOI,Class I Areas,Boundary Waters Canoe Area Wilderness,B (Max Min),3553960,3198564000,-11.290081,2.097906,13.387987,-9.347307,0.736806,-33219954.97,319856.4,790381.1572
high_IV_WOI,Class I Areas,Brigantine Wilderness,B (Max Min),4,3600,-9.415051,-8.61943,0.795622,-8.818335,0.344514,-35.27334,0.36,0.889578
high_IV_WOI,Class I Areas,Dolly Sods Wilderness,B (Max Min),45918,41326200,-9.767435,-1.281534,8.485901,-4.219088,2.666938,-193732.099,4132.62,10211.91065
high_IV_WOI,Class I Areas,Great Gulf Wilderness,B (Max Min),19050,17145000,-7.81947,-3.668925,4.150545,-4.403736,0.614529,-83891.17102,1714.5,4236.615225
high_IV_WOI,Class I Areas,Isle Royale NP,B (Max Min),442969,398672100,-6.081876,2.288378,8.370254,-4.773764,1.347457,-2114629.677,39867.21,98513.86927
high_IV_WOI,Class I Areas,James River Face Wilderness,B (Max Min),33444,30099600,-11.637119,-3.353579,8.28354,-10.913602,1.135308,-364994.4898,3009.96,7437.761658
high_IV_WOI,Class I Areas,Lye Brook Wilderness,B (Max Min),70912,63820800,-11.297112,-2.404727,8.892385,-3.208166,2.181719,-227497.453,6382.08,15770.43878
high_IV_WOI,Class I Areas,Mammoth Cave NP,B (Max Min),213977,192579300,-8.731625,3.892464,12.624088,-6.197069,4.546005,-1326030.238,19257.93,47587.30793
high_IV_WOI,Class I Areas,Moosehorn Wilderness BAR,B (Max Min),11168,10051200,-14.156473,-10.457534,3.698939,-14.057146,0.319159,-156990.2022,1005.12,2483.701776
high_IV_WOI,Class I Areas,Moosehorn Wilderness EDM,B (Max Min),9694,8724600,-12.681698,-4.379309,8.302389,-12.593571,0.472632,-122082.0757,872.46,2155.892283
high_IV_WOI,Class I Areas,Otter Creek Wilderness,B (Max Min),89187,80268300,-10.401855,-2.0441,8.357756,-4.560497,3.362111,-406737.0437,8026.83,19834.69827
high_IV_WOI,Class I Areas,Presidential Range-Dry River Wilderness,B (Max Min),122652,110386800,-12.850826,-1.850478,11.000348,-5.224478,2.424233,-640792.7307,11038.68,27277.13021
high_IV_WOI,Class I Areas,Rainbow Lake Wilderness,B (Max Min),30285,27256500,-9.735084,-5.943845,3.791239,-9.625518,0.147743,-291508.8223,2725.65,6735.217433
high_IV_WOI,Class I Areas,Seney Wilderness,B (Max Min),74128,66715200,-4.5285,-2.021277,2.507223,-3.66366,0.946641,-271579.7912,6671.52,16485.6595
high_IV_WOI,Class I Areas,Shenandoah NP,B (Max Min),795029,715526100,-10.463041,1.90888,12.371922,-6.918737,3.089946,-5500596.29,71552.61,176810.0769
high_IV_WOI,Class I Areas,Voyageurs NP,B (Max Min),518654,466788600,-10.795437,-3.834553,6.960884,-10.004214,0.408331,-5188725.849,46678.86,115345.797
high_IV_WOI,Class I Areas,Acadia NP,C (Max Max),57037,51333300,-23.197096,-7.08779,16.109305,-21.501771,3.831632,-1226396.504,5133.33,12684.7151
high_IV_WOI,Class I Areas,Boundary Waters Canoe Area Wilderness,C (Max Max),3553960,3198564000,-17.090082,0.097906,17.187988,-15.224951,0.678469,-54108866.22,319856.4,790381.1572
high_IV_WOI,Class I Areas,Brigantine Wilderness,C (Max Max),4,3600,-16.915051,-16.119431,0.79562,-16.318336,0.344514,-65.273342,0.36,0.889578
high_IV_WOI,Class I Areas,Dolly Sods Wilderness,C (Max Max),45918,41326200,-17.267435,-7.577156,9.690279,-10.500933,2.947628,-482181.8524,4132.62,10211.91065
high_IV_WOI,Class I Areas,Great Gulf Wilderness,C (Max Max),19050,17145000,-14.91947,-11.168925,3.750545,-11.905731,0.629687,-226804.1703,1714.5,4236.615225
high_IV_WOI,Class I Areas,Isle Royale NP,C (Max Max),442969,398672100,-13.581877,0.288378,13.870255,-12.124199,1.671796,-5370644.294,39867.21,98513.86927
high_IV_WOI,Class I Areas,James River Face Wilderness,C (Max Max),33444,30099600,-19.137119,-9.603579,9.533541,-18.135659,2.169278,-606528.9857,3009.96,7437.761658
high_IV_WOI,Class I Areas,Lye Brook Wilderness,C (Max Max),70912,63820800,-18.797112,-9.904727,8.892385,-10.706643,2.180919,-759229.4488,6382.08,15770.43878
high_IV_WOI,Class I Areas,Mammoth Cave NP,C (Max Max),213977,192579300,-16.231625,0.142464,16.374088,-13.01956,5.986799,-2785886.477,19257.93,47587.30793
high_IV_WOI,Class I Areas,Moosehorn Wilderness BAR,C (Max Max),11168,10051200,-21.656473,-16.457535,5.198938,-21.545729,0.446202,-240622.7032,1005.12,2483.701776
high_IV_WOI,Class I Areas,Moosehorn Wilderness EDM,C (Max Max),9694,8724600,-21.431698,-10.379309,11.052389,-21.29109,0.814304,-206395.8257,872.46,2155.892283
high_IV_WOI,Class I Areas,Otter Creek Wilderness,C (Max Max),89187,80268300,-17.901855,-8.2941,9.607756,-11.727113,3.54983,-1045906.05,8026.83,19834.69827
high_IV_WOI,Class I Areas,Presidential Range-Dry River Wilderness,C (Max Max),122652,110386800,-20.350826,-7.850478,12.500348,-12.42495,2.228918,-1523944.94,11038.68,27277.13021
high_IV_WOI,Class I Areas,Rainbow Lake Wilderness,C (Max Max),30285,27256500,-17.235085,-11.943845,5.29124,-17.123587,0.195837,-518587.8219,2725.65,6735.217433
high_IV_WOI,Class I Areas,Seney Wilderness,C (Max Max),74128,66715200,-12.0285,-8.021276,4.007223,-10.669474,1.644617,-790906.788,6671.52,16485.6595
high_IV_WOI,Class I Areas,Shenandoah NP,C (Max Max),795029,715526100,-17.963041,-4.34112,13.621922,-14.239256,3.487401,-11320621.09,71552.61,176810.0769
high_IV_WOI,Class I Areas,Voyageurs NP,C (Max Max),518654,466788600,-16.595436,-9.834553,6.760883,-15.891717,0.300246,-8242302.751,46678.86,115345.797
high_IV_WOI,Class I Areas,Acadia NP,D (Min Max),57037,51333300,-10.447096,-0.158618,10.288477,-3.720006,2.029082,-212178.0053,5133.33,12684.7151
high_IV_WOI,Class I Areas,Boundary Waters Canoe Area Wilderness,D (Min Max),3553960,3198564000,-7.399462,1.431241,8.830703,-1.231196,0.772429,-4375621.183,319856.4,790381.1572
high_IV_WOI,Class I Areas,Brigantine Wilderness,D (Min Max),4,3600,-8.915051,-8.11943,0.795622,-8.318335,0.344514,-33.27334,0.36,0.889578
high_IV_WOI,Class I Areas,Dolly Sods Wilderness,D (Min Max),45918,41326200,-3.767435,3.968466,7.735901,2.21371,1.183032,101649.151,4132.62,10211.91065
high_IV_WOI,Class I Areas,Great Gulf Wilderness,D (Min Max),19050,17145000,-0.81947,1.581075,2.400545,0.660621,0.806789,12584.82898,1714.5,4236.615225
high_IV_WOI,Class I Areas,Isle Royale NP,D (Min Max),442969,398672100,-12.258307,1.763706,14.022013,-0.605458,1.652761,-268199.0269,39867.21,98513.86927
high_IV_WOI,Class I Areas,James River Face Wilderness,D (Min Max),33444,30099600,-3.637119,1.14794,4.785059,-0.03683,1.008701,-1231.734747,3009.96,7437.761658
high_IV_WOI,Class I Areas,Lye Brook Wilderness,D (Min Max),70912,63820800,-4.142316,2.613139,6.755455,1.497575,0.336489,106196.0474,6382.08,15770.43878
high_IV_WOI,Class I Areas,Mammoth Cave NP,D (Min Max),213977,192579300,-2.731625,3.642464,6.374088,1.716449,1.373889,367280.5125,19257.93,47587.30793
high_IV_WOI,Class I Areas,Moosehorn Wilderness BAR,D (Min Max),11168,10051200,-2.656473,-1.207534,1.448939,-1.346991,0.155972,-15043.19879,1005.12,2483.701776
high_IV_WOI,Class I Areas,Moosehorn Wilderness EDM,D (Min Max),9694,8724600,-2.431697,-1.129309,1.302389,-1.149017,0.018262,-11138.57546,872.46,2155.892283
high_IV_WOI,Class I Areas,Otter Creek Wilderness,D (Min Max),89187,80268300,-4.401855,2.4559,6.857756,1.129088,1.290393,100699.9563,8026.83,19834.69827
high_IV_WOI,Class I Areas,Presidential Range-Dry River Wilderness,D (Min Max),122652,110386800,-1.350826,2.054294,3.40512,0.545085,1.066515,66855.77332,11038.68,27277.13021
high_IV_WOI,Class I Areas,Rainbow Lake Wilderness,D (Min Max),30285,27256500,-0.221128,3.310139,3.531266,2.000947,0.641232,60598.67768,2725.65,6735.217433
high_IV_WOI,Class I Areas,Seney Wilderness,D (Min Max),74128,66715200,-2.0285,0.478723,2.507223,-0.936435,0.675546,-69416.04122,6671.52,16485.6595
high_IV_WOI,Class I Areas,Shenandoah NP,D (Min Max),795029,715526100,-9.829776,6.40888,16.238656,2.320471,1.662058,1844841.71,71552.61,176810.0769
high_IV_WOI,Class I Areas,Voyageurs NP,D (Min Max),518654,466788600,-9.959804,-0.927757,9.032046,-2.035003,0.750558,-1055462.411,46678.86,115345.797
high_IV_WOI,Ecoregions Combined,All Ecoregions,A (Min Min),504290695,453861625500,-12.107453,16.929228,29.036681,3.848622,2.341229,1940824364,45386162.55,112151477
high_IV_WOI,Ecoregions Combined,All Ecoregions,B (Max Min),504290695,453861625500,-15.871856,15.924562,31.796418,-8.979758,3.076015,-4528408402,45386162.55,112151477
high_IV_WOI,Ecoregions Combined,All Ecoregions,C (Max Max),504290695,453861625500,-23.371857,10.751707,34.123564,-16.192235,3.380277,-8165593456,45386162.55,112151477
high_IV_WOI,Ecoregions Combined,All Ecoregions,D (Min Max),504290695,453861625500,-20.185196,13.429228,33.614424,0.027695,2.368275,13966152.61,45386162.55,112151477
high_IV_WOI,Ecoregions Level 2,Atlantic Highlands,A (Min Min),141259194,127133274600,-7.428177,12.70784,20.136017,3.28866,2.071473,464553526,12713327.46,31415267.82
high_IV_WOI,Ecoregions Level 2,Mixed Wood Plains,A (Min Min),185666827,167100144300,-12.107453,16.929228,29.036681,4.118586,2.918272,764684842.4,16710014.43,41291281.16
high_IV_WOI,Ecoregions Level 2,Mixed Wood Shield,A (Min Min),177364674,159628206600,-11.423862,9.371107,20.79497,4.011994,1.702837,711585995.3,15962820.66,39444927.99
high_IV_WOI,Ecoregions Level 2,Atlantic Highlands,B (Max Min),141259194,127133274600,-15.169896,7.305981,22.475877,-10.103754,2.738112,-1427248118,12713327.46,31415267.82
high_IV_WOI,Ecoregions Level 2,Mixed Wood Plains,B (Max Min),185666827,167100144300,-15.871856,15.924562,31.796418,-9.473794,3.159849,-1758969192,16710014.43,41291281.16
high_IV_WOI,Ecoregions Level 2,Mixed Wood Shield,B (Max Min),177364674,159628206600,-13.137829,6.152307,19.290135,-7.567409,2.687543,-1342191091,15962820.66,39444927.99
high_IV_WOI,Ecoregions Level 2,Atlantic Highlands,C (Max Max),141259194,127133274600,-23.195515,3.626124,26.821639,-17.361938,2.966356,-2452533341,12713327.46,31415267.82
high_IV_WOI,Ecoregions Level 2,Mixed Wood Plains,C (Max Max),185666827,167100144300,-23.371857,10.751707,34.123564,-16.9203,3.441305,-3141538484,16710014.43,41291281.16
high_IV_WOI,Ecoregions Level 2,Mixed Wood Shield,C (Max Max),177364674,159628206600,-20.646206,4.104667,24.750873,-14.498499,2.927354,-2571521631,15962820.66,39444927.99
high_IV_WOI,Ecoregions Level 2,Atlantic Highlands,D (Min Max),141259194,127133274600,-12.271139,9.192356,21.463495,-0.302582,1.91442,-42742509.47,12713327.46,31415267.82
high_IV_WOI,Ecoregions Level 2,Mixed Wood Plains,D (Min Max),185666827,167100144300,-20.185196,13.429228,33.614424,0.072438,3.17617,13449249.78,16710014.43,41291281.16
high_IV_WOI,Ecoregions Level 2,Mixed Wood Shield,D (Min Max),177364674,159628206600,-20.173862,6.621107,26.79497,0.243901,1.527106,43259412.31,15962820.66,39444927.99
high_IV_WOI,Ecoregions Level 3,Acadian Plains and Hills,A (Min Min),36066903,32460212700,-8.584938,4.654091,13.239029,1.036285,0.851094,37375598.54,3246021.27,8021080.859
high_IV_WOI,Ecoregions Level 3,Driftless Area,A (Min Min),16511497,14860347300,-2.951628,12.02953,14.981157,4.951131,2.676448,81750592.69,1486034.73,3672066.12
high_IV_WOI,Ecoregions Level 3,Eastern Great Lakes Lowlands,A (Min Min),17034420,15330978000,-12.107453,12.188637,24.29609,3.805581,3.035408,64825865.85,1533097.8,3788361.319
high_IV_WOI,Ecoregions Level 3,Erie Drift Plain,A (Min Min),14027316,12624584400,-4.034,11.965487,15.999487,6.684512,3.004637,93765768.28,1262458.44,3119597.928
high_IV_WOI,Ecoregions Level 3,North Central Appalachians,A (Min Min),25914774,23323296600,-3.762912,8.391654,12.154566,5.807577,1.100852,150502053.3,2332329.66,5763303.206
high_IV_WOI,Ecoregions Level 3,North Central Hardwood Forests,A (Min Min),32578282,29320453800,-11.190532,15.95122,27.141751,5.234138,2.284937,170519214.2,2932045.38,7245230.736
high_IV_WOI,Ecoregions Level 3,Northeastern Coastal Zone,A (Min Min),23721054,21348948600,-10.173695,16.929228,27.102922,3.817983,2.342534,90566574.99,2134894.86,5275431.944
high_IV_WOI,Ecoregions Level 3,Northern Allegheny Plateau,A (Min Min),30982814,27884532600,-5.597746,9.483586,15.081332,5.475479,1.36363,169645740.5,2788453.26,6890407.428
high_IV_WOI,Ecoregions Level 3,Northern Appalachian and Atlantic Maritime Highlands,A (Min Min),115344420,103809978000,-7.428177,12.70784,20.136017,2.722728,1.799161,314051472.7,10380997.8,25651964.61
high_IV_WOI,Ecoregions Level 3,Northern Lakes and Forests,A (Min Min),159421893,143479703700,-11.423862,9.371107,20.79497,4.271224,1.509545,680926542.5,14347970.37,35454552.18
high_IV_WOI,Ecoregions Level 3,Northern Minnesota Wetlands,A (Min Min),17942781,16148502900,-5.215072,5.202861,10.417933,1.708735,1.585734,30659452.85,1614850.29,3990375.809
high_IV_WOI,Ecoregions Level 3,Southern Michigan/Northern Indiana Drift Plains,A (Min Min),14744541,13270086900,-9.898009,13.269876,23.167886,3.813987,4.085567,56235487.33,1327008.69,3279104.823
high_IV_WOI,Ecoregions Level 3,Acadian Plains and Hills,B (Max Min),36066903,32460212700,-15.871856,4.654091,20.525947,-13.735757,1.780959,-495406217.9,3246021.27,8021080.859
high_IV_WOI,Ecoregions Level 3,Driftless Area,B (Max Min),16511497,14860347300,-9.37199,5.441044,14.813034,-6.146293,1.55747,-101484499.4,1486034.73,3672066.12
high_IV_WOI,Ecoregions Level 3,Eastern Great Lakes Lowlands,B (Max Min),17034420,15330978000,-14.394777,9.17546,23.570237,-9.979316,2.23625,-169991856.2,1533097.8,3788361.319
high_IV_WOI,Ecoregions Level 3,Erie Drift Plain,B (Max Min),14027316,12624584400,-10.201816,7.534467,17.736282,-7.439014,1.119742,-104349393.7,1262458.44,3119597.928
high_IV_WOI,Ecoregions Level 3,North Central Appalachians,B (Max Min),25914774,23323296600,-11.202566,5.626124,16.828691,-9.325201,0.982897,-241660470.1,2332329.66,5763303.206
high_IV_WOI,Ecoregions Level 3,North Central Hardwood Forests,B (Max Min),32578282,29320453800,-12.650437,12.751707,25.402144,-7.080039,2.910336,-230655507.7,2932045.38,7245230.736
high_IV_WOI,Ecoregions Level 3,Northeastern Coastal Zone,B (Max Min),23721054,21348948600,-14.358402,15.924562,30.282965,-10.746355,1.268575,-254914862.3,2134894.86,5275431.944
high_IV_WOI,Ecoregions Level 3,Northern Allegheny Plateau,B (Max Min),30982814,27884532600,-11.713163,5.489098,17.202261,-9.609121,1.212111,-297717605.8,2788453.26,6890407.428
high_IV_WOI,Ecoregions Level 3,Northern Appalachian and Atlantic Maritime Highlands,B (Max Min),115344420,103809978000,-15.169896,7.305981,22.475877,-10.278674,2.966117,-1185587648,10380997.8,25651964.61
high_IV_WOI,Ecoregions Level 3,Northern Lakes and Forests,B (Max Min),159421893,143479703700,-13.137829,6.152307,19.290135,-7.602384,2.695175,-1211986377,14347970.37,35454552.18
high_IV_WOI,Ecoregions Level 3,Northern Minnesota Wetlands,B (Max Min),17942781,16148502900,-10.260962,3.263728,13.524689,-7.256663,2.598155,-130204714.6,1614850.29,3990375.809
high_IV_WOI,Ecoregions Level 3,Southern Michigan/Northern Indiana Drift Plains,B (Max Min),14744541,13270086900,-10.633471,9.231657,19.865128,-7.083927,1.345884,-104449249.3,1327008.69,3279104.823
high_IV_WOI,Ecoregions Level 3,Acadian Plains and Hills,C (Max Max),36066903,32460212700,-23.371857,-2.345909,21.025948,-21.291538,2.076374,-767919818.1,3246021.27,8021080.859
high_IV_WOI,Ecoregions Level 3,Driftless Area,C (Max Max),16511497,14860347300,-16.87199,3.441044,20.313034,-14.325187,1.316495,-236530286.8,1486034.73,3672066.12
high_IV_WOI,Ecoregions Level 3,Eastern Great Lakes Lowlands,C (Max Max),17034420,15330978000,-21.894777,7.03945,28.934227,-17.332267,2.651515,-295245119.5,1533097.8,3788361.319
high_IV_WOI,Ecoregions Level 3,Erie Drift Plain,C (Max Max),14027316,12624584400,-17.701817,5.534467,23.236283,-14.938914,1.120617,-209552868.3,1262458.44,3119597.928
high_IV_WOI,Ecoregions Level 3,North Central Appalachians,C (Max Max),25914774,23323296600,-18.702566,3.626124,22.328691,-16.861081,1.181521,-436951094.6,2332329.66,5763303.206
high_IV_WOI,Ecoregions Level 3,North Central Hardwood Forests,C (Max Max),32578282,29320453800,-20.150436,10.751707,30.902143,-13.991351,3.800711,-455814187.3,2932045.38,7245230.736
high_IV_WOI,Ecoregions Level 3,Northeastern Coastal Zone,C (Max Max),23721054,21348948600,-21.858402,8.924562,30.782965,-18.245787,1.273785,-432809292.4,2134894.86,5275431.944
high_IV_WOI,Ecoregions Level 3,Northern Allegheny Plateau,C (Max Max),30982814,27884532600,-19.213163,3.489098,22.702261,-17.08125,1.463169,-529225190.1,2788453.26,6890407.428
high_IV_WOI,Ecoregions Level 3,Northern Appalachian and Atlantic Maritime Highlands,C (Max Max),115344420,103809978000,-23.195515,1.227051,24.422565,-17.474467,3.223904,-2015582246,10380997.8,25651964.61
high_IV_WOI,Ecoregions Level 3,Northern Lakes and Forests,C (Max Max),159421893,143479703700,-20.646206,4.104667,24.750873,-14.560067,2.926897,-2321193385,14347970.37,35454552.18
high_IV_WOI,Ecoregions Level 3,Northern Minnesota Wetlands,C (Max Max),17942781,16148502900,-16.862705,0.513728,17.376433,-13.951474,2.874063,-250328245.2,1614850.29,3990375.809
high_IV_WOI,Ecoregions Level 3,Southern Michigan/Northern Indiana Drift Plains,C (Max Max),14744541,13270086900,-18.133471,6.674113,24.807584,-14.543805,1.611967,-214441722.1,1327008.69,3279104.823
high_IV_WOI,Ecoregions Level 3,Acadian Plains and Hills,D (Min Max),36066903,32460212700,-16.434938,1.904091,18.339029,-2.461034,1.169596,-88761892.55,3246021.27,8021080.859
high_IV_WOI,Ecoregions Level 3,Driftless Area,D (Min Max),16511497,14860347300,-8.451628,8.02953,16.481157,0.436966,3.6125,7214961.344,1486034.73,3672066.12
high_IV_WOI,Ecoregions Level 3,Eastern Great Lakes Lowlands,D (Min Max),17034420,15330978000,-20.185196,8.568606,28.753802,-0.070059,3.457348,-1193407.654,1533097.8,3788361.319
high_IV_WOI,Ecoregions Level 3,Erie Drift Plain,D (Min Max),14027316,12624584400,-9.534,7.965487,17.499487,2.513469,3.362073,35257217.78,1262458.44,3119597.928
high_IV_WOI,Ecoregions Level 3,North Central Appalachians,D (Min Max),25914774,23323296600,-9.262912,4.891654,14.154566,1.844848,1.125693,47808824.77,2332329.66,5763303.206
high_IV_WOI,Ecoregions Level 3,North Central Hardwood Forests,D (Min Max),32578282,29320453800,-19.940533,11.95122,31.891752,0.984382,2.787922,32069475.94,2932045.38,7245230.736
high_IV_WOI,Ecoregions Level 3,Northeastern Coastal Zone,D (Min Max),23721054,21348948600,-13.673695,13.429228,27.102922,-0.198832,2.804007,-4716506.206,2134894.86,5275431.944
high_IV_WOI,Ecoregions Level 3,Northern Allegheny Plateau,D (Min Max),30982814,27884532600,-11.097746,6.606583,17.704329,1.44646,1.494909,44815394.54,2788453.26,6890407.428
high_IV_WOI,Ecoregions Level 3,Northern Appalachian and Atlantic Maritime Highlands,D (Min Max),115344420,103809978000,-12.271139,9.192356,21.463495,-0.785052,1.71315,-90551334.24,10380997.8,25651964.61
high_IV_WOI,Ecoregions Level 3,Northern Lakes and Forests,D (Min Max),159421893,143479703700,-20.173862,6.621107,26.79497,0.441978,1.38781,70460956.06,14347970.37,35454552.18
high_IV_WOI,Ecoregions Level 3,Northern Minnesota Wetlands,D (Min Max),17942781,16148502900,-11.083746,2.452861,13.536607,-1.516016,1.579166,-27201543.75,1614850.29,3990375.809
high_IV_WOI,Ecoregions Level 3,Southern Michigan/Northern Indiana Drift Plains,D (Min Max),14744541,13270086900,-18.133471,9.638997,27.772468,-0.762044,4.672075,-11235993.42,1327008.69,3279104.823
high_IV_WOI,Forest Service Admin Areas,Allegheny National Forest,A (Min Min),3131455,2818309500,1.233751,6.389557,5.155806,5.618735,0.440554,17594815.36,281830.95,696418.369
high_IV_WOI,Forest Service Admin Areas,Chequamegon-Nicolet National Forest,A (Min Min),7881402,7093261800,0.244267,7.509275,7.265008,4.961656,1.084125,39104804.99,709326.18,1752780.457
high_IV_WOI,Forest Service Admin Areas,Chippewa National Forest,A (Min Min),5204901,4684410900,-2.33045,4.806431,7.136881,2.807309,1.169796,14611765.86,468441.09,1157541.355
high_IV_WOI,Forest Service Admin Areas,Daniel Boone National Forest,A (Min Min),7456917,6711225300,1.166265,7.308471,6.142205,5.923762,0.684977,44172999.64,671122.53,1658377.328
high_IV_WOI,Forest Service Admin Areas,George Washington and Jefferson National Forest,A (Min Min),12272660,11045394000,-6.595366,10.74226,17.337626,4.080576,1.849475,50079520.72,1104539.4,2729372.084
high_IV_WOI,Forest Service Admin Areas,Green Mountain and Finger Lakes National Forests,A (Min Min),3451563,3106406700,-3.621396,6.800767,10.422163,4.460607,0.813758,15396065.15,310640.67,767608.6276
high_IV_WOI,Forest Service Admin Areas,Hiawatha National Forest,A (Min Min),4808539,4327685100,-11.423862,6.286338,17.7102,3.868615,1.021314,18602384.59,432768.51,1069392.627
high_IV_WOI,Forest Service Admin Areas,Hoosier National Forest,A (Min Min),2124016,1911614400,-4.01289,10.25982,14.27271,7.29811,1.840339,15501302.43,191161.44,472369.4763
high_IV_WOI,Forest Service Admin Areas,Huron-Manistee National Forest,A (Min Min),6309110,5678199000,-5.429816,10.468204,15.89802,5.65758,1.203791,35694297.19,567819.9,1403111.364
high_IV_WOI,Forest Service Admin Areas,Land Between the Lakes National Recreation Area,A (Min Min),424628,382165200,-5.664725,7.508013,13.172738,6.795501,0.797813,2885560.201,38216.52,94434.93175
high_IV_WOI,Forest Service Admin Areas,Midewin National Tallgrass Prairie,A (Min Min),28426,25583400,-1.34898,7.54792,8.8969,5.120353,2.15957,145551.1614,2558.34,6321.786057
high_IV_WOI,Forest Service Admin Areas,Monongahela National Forest,A (Min Min),6847312,6162580800,-6.038037,6.793089,12.831126,4.947275,1.302914,33875538.33,616258.08,1522804.529
high_IV_WOI,Forest Service Admin Areas,Ottawa National Forest,A (Min Min),6360629,5724566100,-9.075001,6.437659,15.51266,4.572269,0.873229,29082509.26,572456.61,1414568.906
high_IV_WOI,Forest Service Admin Areas,Shawnee National Forest,A (Min Min),2152014,1936812600,-4.969415,8.046329,13.015744,5.891124,1.704089,12677781.94,193681.26,478596.0775
high_IV_WOI,Forest Service Admin Areas,Superior National Forest,A (Min Min),14671329,13204196100,-2.252865,4.514642,6.767507,2.636727,1.224508,38684288.15,1320419.61,3262822.877
high_IV_WOI,Forest Service Admin Areas,Wayne National Forest,A (Min Min),3001786,2701607400,-4.050282,7.459133,11.509416,5.471983,2.062992,16425722.58,270160.74,667580.6966
high_IV_WOI,Forest Service Admin Areas,White Mountain National Forest,A (Min Min),4049767,3644790300,-2.727947,4.804294,7.532241,2.669264,0.74882,10809898.44,364479.03,900645.9071
high_IV_WOI,Forest Service Admin Areas,Allegheny National Forest,B (Max Min),3131455,2818309500,-10.266249,3.56704,13.833289,-9.653205,0.646267,-30228575.64,281830.95,696418.369
high_IV_WOI,Forest Service Admin Areas,Chequamegon-Nicolet National Forest,B (Max Min),7881402,7093261800,-11.474503,4.015628,15.490131,-9.14774,1.297678,-72097014.92,709326.18,1752780.457
high_IV_WOI,Forest Service Admin Areas,Chippewa National Forest,B (Max Min),5204901,4684410900,-10.659295,2.177914,12.837209,-7.953193,2.122581,-41395584.53,468441.09,1157541.355
high_IV_WOI,Forest Service Admin Areas,Daniel Boone National Forest,B (Max Min),7456917,6711225300,-10.546642,6.330874,16.877517,-9.453271,1.135651,-70492257.11,671122.53,1658377.328
high_IV_WOI,Forest Service Admin Areas,George Washington and Jefferson National Forest,B (Max Min),12272660,11045394000,-12.595366,5.872643,18.468009,-10.029015,2.115777,-123082692.2,1104539.4,2729372.084
high_IV_WOI,Forest Service Admin Areas,Green Mountain and Finger Lakes National Forests,B (Max Min),3451563,3106406700,-13.545622,-1.331943,12.213679,-6.097132,3.477256,-21044633.73,310640.67,767608.6276
high_IV_WOI,Forest Service Admin Areas,Hiawatha National Forest,B (Max Min),4808539,4327685100,-13.137829,4.286338,17.424167,-5.728998,3.171672,-27548109.2,432768.51,1069392.627
high_IV_WOI,Forest Service Admin Areas,Hoosier National Forest,B (Max Min),2124016,1911614400,-8.845324,7.77212,16.617444,-7.12279,0.708626,-15128919.57,191161.44,472369.4763
high_IV_WOI,Forest Service Admin Areas,Huron-Manistee National Forest,B (Max Min),6309110,5678199000,-10.359353,7.975417,18.33477,-7.166214,3.118761,-45212432.2,567819.9,1403111.364
high_IV_WOI,Forest Service Admin Areas,Land Between the Lakes National Recreation Area,B (Max Min),424628,382165200,-9.690791,7.508013,17.198804,-8.561916,0.568083,-3635629.299,38216.52,94434.93175
high_IV_WOI,Forest Service Admin Areas,Midewin National Tallgrass Prairie,B (Max Min),28426,25583400,-6.09898,-1.95208,4.1469,-4.863974,0.902639,-138263.3386,2558.34,6321.786057
high_IV_WOI,Forest Service Admin Areas,Monongahela National Forest,B (Max Min),6847312,6162580800,-12.257946,-1.206911,11.051035,-6.37287,3.950303,-43637027.7,616258.08,1522804.529
high_IV_WOI,Forest Service Admin Areas,Ottawa National Forest,B (Max Min),6360629,5724566100,-11.908354,4.1368,16.045154,-9.063813,1.363263,-57651553.17,572456.61,1414568.906
high_IV_WOI,Forest Service Admin Areas,Shawnee National Forest,B (Max Min),2152014,1936812600,-9.922227,2.204434,12.126661,-8.667333,0.546017,-18652222.56,193681.26,478596.0775
high_IV_WOI,Forest Service Admin Areas,Superior National Forest,B (Max Min),14671329,13204196100,-11.373713,2.097906,13.471619,-8.870365,1.270363,-130140048.2,1320419.61,3262822.877
high_IV_WOI,Forest Service Admin Areas,Wayne National Forest,B (Max Min),3001786,2701607400,-10.050282,2.517335,12.567617,-8.960507,0.368024,-26897524.17,270160.74,667580.6966
high_IV_WOI,Forest Service Admin Areas,White Mountain National Forest,B (Max Min),4049767,3644790300,-14.227947,-1.195706,13.032241,-8.326244,3.651646,-33719349.59,364479.03,900645.9071
high_IV_WOI,Forest Service Admin Areas,Allegheny National Forest,C (Max Max),3131455,2818309500,-17.766249,1.56704,19.333289,-17.294066,0.680635,-54155590.68,281830.95,696418.369
high_IV_WOI,Forest Service Admin Areas,Chequamegon-Nicolet National Forest,C (Max Max),7881402,7093261800,-19.023569,1.017517,20.041086,-16.564934,2.058549,-130554904.1,709326.18,1752780.457
high_IV_WOI,Forest Service Admin Areas,Chippewa National Forest,C (Max Max),5204901,4684410900,-16.459295,-5.672086,10.78721,-14.064722,1.740893,-73205484.01,468441.09,1157541.355
high_IV_WOI,Forest Service Admin Areas,Daniel Boone National Forest,C (Max Max),7456917,6711225300,-18.046642,2.830874,20.877517,-16.928652,1.395352,-126235553.5,671122.53,1658377.328
high_IV_WOI,Forest Service Admin Areas,George Washington and Jefferson National Forest,C (Max Max),12272660,11045394000,-20.095367,2.122643,22.21801,-17.571743,2.517379,-215652027.9,1104539.4,2729372.084
high_IV_WOI,Forest Service Admin Areas,Green Mountain and Finger Lakes National Forests,C (Max Max),3451563,3106406700,-21.079197,-7.331943,13.747254,-13.299891,3.569896,-45905411.13,310640.67,767608.6276
high_IV_WOI,Forest Service Admin Areas,Hiawatha National Forest,C (Max Max),4808539,4327685100,-20.637829,2.286338,22.924167,-13.070225,3.473548,-62848684.91,432768.51,1069392.627
high_IV_WOI,Forest Service Admin Areas,Hoosier National Forest,C (Max Max),2124016,1911614400,-16.345324,4.02212,20.367444,-14.622167,0.721076,-31057715.81,191161.44,472369.4763
high_IV_WOI,Forest Service Admin Areas,Huron-Manistee National Forest,C (Max Max),6309110,5678199000,-17.930403,5.975417,23.90582,-14.651064,3.195799,-92435176.12,567819.9,1403111.364
high_IV_WOI,Forest Service Admin Areas,Land Between the Lakes National Recreation Area,C (Max Max),424628,382165200,-17.190792,3.758013,20.948805,-16.060636,0.615056,-6819795.816,38216.52,94434.93175
high_IV_WOI,Forest Service Admin Areas,Midewin National Tallgrass Prairie,C (Max Max),28426,25583400,-14.84898,-5.45208,9.3969,-13.162592,2.258387,-374159.8386,2558.34,6321.786057
high_IV_WOI,Forest Service Admin Areas,Monongahela National Forest,C (Max Max),6847312,6162580800,-19.757946,-7.577156,12.18079,-13.360275,4.435233,-91481970.92,616258.08,1522804.529
high_IV_WOI,Forest Service Admin Areas,Ottawa National Forest,C (Max Max),6360629,5724566100,-19.408354,2.1368,21.545154,-16.682743,2.235904,-106112736.5,572456.61,1414568.906
high_IV_WOI,Forest Service Admin Areas,Shawnee National Forest,C (Max Max),2152014,1936812600,-17.422226,-3.338106,14.08412,-16.131116,0.8573,-34714388.43,193681.26,478596.0775
high_IV_WOI,Forest Service Admin Areas,Superior National Forest,C (Max Max),14671329,13204196100,-18.898718,0.097906,18.996624,-14.856516,1.045859,-217964827.2,1320419.61,3262822.877
high_IV_WOI,Forest Service Admin Areas,Wayne National Forest,C (Max Max),3001786,2701607400,-17.550282,-2.982665,14.567616,-16.460471,0.36915,-49410811.19,270160.74,667580.6966
high_IV_WOI,Forest Service Admin Areas,White Mountain National Forest,C (Max Max),4049767,3644790300,-21.727947,-7.195706,14.532241,-15.615555,3.846472,-63239359.97,364479.03,900645.9071
high_IV_WOI,Forest Service Admin Areas,Allegheny National Forest,D (Min Max),3131455,2818309500,-4.266249,2.889557,7.155806,1.625679,0.467632,5090741.362,281830.95,696418.369
high_IV_WOI,Forest Service Admin Areas,Chequamegon-Nicolet National Forest,D (Min Max),7881402,7093261800,-5.255733,4.759275,10.015008,1.082458,1.122092,8531286.847,709326.18,1752780.457
high_IV_WOI,Forest Service Admin Areas,Chippewa National Forest,D (Min Max),5204901,4684410900,-8.609295,1.306431,9.915726,-1.117321,1.198457,-5815546.724,468441.09,1157541.355
high_IV_WOI,Forest Service Admin Areas,Daniel Boone National Forest,D (Min Max),7456917,6711225300,-4.333735,3.808471,8.142205,1.53733,1.303363,11463743.39,671122.53,1658377.328
high_IV_WOI,Forest Service Admin Areas,George Washington and Jefferson National Forest,D (Min Max),12272660,11045394000,-12.095366,7.24226,19.337626,-0.435279,1.948075,-5342027.784,1104539.4,2729372.084
high_IV_WOI,Forest Service Admin Areas,Green Mountain and Finger Lakes National Forests,D (Min Max),3451563,3106406700,-9.121396,4.050767,13.172163,0.611699,0.774887,2111316.646,310640.67,767608.6276
high_IV_WOI,Forest Service Admin Areas,Hiawatha National Forest,D (Min Max),4808539,4327685100,-20.173862,3.487135,23.660997,0.082379,0.957376,396123.2686,432768.51,1069392.627
high_IV_WOI,Forest Service Admin Areas,Hoosier National Forest,D (Min Max),2124016,1911614400,-7.51289,6.132003,13.644893,2.774722,2.102443,5893553.18,191161.44,472369.4763
high_IV_WOI,Forest Service Admin Areas,Huron-Manistee National Forest,D (Min Max),6309110,5678199000,-14.179816,7.275267,21.455083,1.810243,1.549978,11421023.3,567819.9,1403111.364
high_IV_WOI,Forest Service Admin Areas,Land Between the Lakes National Recreation Area,D (Min Max),424628,382165200,-9.164725,3.758013,12.922738,2.957533,1.103885,1255851.201,38216.52,94434.93175
high_IV_WOI,Forest Service Admin Areas,Midewin National Tallgrass Prairie,D (Min Max),28426,25583400,-6.84898,5.54792,12.3969,1.274191,3.804898,36220.16142,2558.34,6321.786057
high_IV_WOI,Forest Service Admin Areas,Monongahela National Forest,D (Min Max),6847312,6162580800,-11.538036,4.043089,15.581125,0.521792,1.667019,3572873.329,616258.08,1522804.529
high_IV_WOI,Forest Service Admin Areas,Ottawa National Forest,D (Min Max),6360629,5724566100,-17.825001,2.937659,20.76266,0.697549,0.691245,4436850.615,572456.61,1414568.906
high_IV_WOI,Forest Service Admin Areas,Shawnee National Forest,D (Min Max),2152014,1936812600,-8.469415,4.296329,12.765744,0.820863,1.853501,1766509.685,193681.26,478596.0775
high_IV_WOI,Forest Service Admin Areas,Superior National Forest,D (Min Max),14671329,13204196100,-7.752865,1.764642,9.517507,-0.858749,1.002587,-12598996.05,1320419.61,3262822.877
high_IV_WOI,Forest Service Admin Areas,Wayne National Forest,D (Min Max),3001786,2701607400,-9.550282,3.7383,13.288583,1.595979,2.197971,4790788.334,270160.74,667580.6966
high_IV_WOI,Forest Service Admin Areas,White Mountain National Forest,D (Min Max),4049767,3644790300,-8.227947,2.054294,10.282241,-0.792459,1.077344,-3209275.315,364479.03,900645.9071
high_IV_WOI,Forest Service Wilderness Areas,Allegheny Islands Wilderness,A (Min Min),1254,1128600,1.835557,6.068229,4.232672,2.579183,1.498331,3234.295448,112.86,278.882703
high_IV_WOI,Forest Service Wilderness Areas,Bald Knob Wilderness,A (Min Min),21834,19650600,3.006767,7.45714,4.450373,7.20423,0.219135,157297.1631,1965.06,4855.761513
high_IV_WOI,Forest Service Wilderness Areas,Barbours Creek Wilderness,A (Min Min),19552,17596800,0.780915,5.187226,4.406312,4.710283,0.764182,92095.44595,1759.68,4348.257264
high_IV_WOI,Forest Service Wilderness Areas,Bay Creek Wilderness,A (Min Min),11497,10347300,2.831947,7.48312,4.651173,3.477942,1.277359,39985.90149,1034.73,2556.869567
high_IV_WOI,Forest Service Wilderness Areas,Beartown Wilderness,A (Min Min),25023,22520700,0.769514,4.901256,4.131742,4.745435,0.600904,118745.0254,2252.07,5564.977574
high_IV_WOI,Forest Service Wilderness Areas,Beaver Creek Wilderness,A (Min Min),20126,18113400,1.273342,5.542228,4.268886,5.341876,0.19536,107510.6023,1811.34,4475.911707
high_IV_WOI,Forest Service Wilderness Areas,Big Branch Wilderness,A (Min Min),30234,27210600,4.057058,4.728638,0.671579,4.323159,0.226582,130706.3989,2721.06,6723.875313
high_IV_WOI,Forest Service Wilderness Areas,Big Draft Wilderness,A (Min Min),21973,19775700,-5.893378,3.78361,9.676989,2.802545,1.712984,61580.32654,1977.57,4886.674349
high_IV_WOI,Forest Service Wilderness Areas,Big Island Lake Wilderness,A (Min Min),20994,18894600,1.576684,4.457589,2.880905,3.990695,0.711158,83780.65856,1889.46,4668.950133
high_IV_WOI,Forest Service Wilderness Areas,Blackjack Springs Wilderness,A (Min Min),24078,21670200,1.356538,4.618193,3.261655,3.934549,0.860477,94736.07596,2167.02,5354.814771
high_IV_WOI,Forest Service Wilderness Areas,Boundary Waters Canoe Area Wilderness,A (Min Min),3574338,3216904200,-1.899462,4.181241,6.080703,2.385515,1.140764,8526636.443,321690.42,794913.1123
high_IV_WOI,Forest Service Wilderness Areas,Breadloaf Wilderness,A (Min Min),112231,101007900,0.262193,4.65903,4.396837,4.488225,0.11913,503718.0175,10100.79,24959.55713
high_IV_WOI,Forest Service Wilderness Areas,Bristol Cliffs Wilderness,A (Min Min),16590,14931000,0.307748,4.307748,4,4.138042,0.511696,68650.12033,1493.1,3689.524755
high_IV_WOI,Forest Service Wilderness Areas,Brush Mountain East Wilderness,A (Min Min),15051,13545900,0.463741,4.53936,4.075619,4.237813,0.978676,63783.32624,1354.59,3347.25962
high_IV_WOI,Forest Service Wilderness Areas,Brush Mountain Wilderness,A (Min Min),19971,17973900,-4.783995,4.719184,9.503179,4.222005,1.130652,84317.65606,1797.39,4441.44056
high_IV_WOI,Forest Service Wilderness Areas,Burden Falls Wilderness,A (Min Min),14721,13248900,2.801938,6.852917,4.050979,4.589597,1.94215,67563.46441,1324.89,3273.869435
high_IV_WOI,Forest Service Wilderness Areas,Caribou-Speckled Mountain Wilderness,A (Min Min),50346,45311400,1.6555,2.019858,0.364358,1.791329,0.109088,90186.2521,4531.14,11196.6735
high_IV_WOI,Forest Service Wilderness Areas,Charles C. Deam Wilderness,A (Min Min),54168,48751200,4.762136,8.871437,4.109301,8.662888,0.315886,469251.3362,4875.12,12046.66528
high_IV_WOI,Forest Service Wilderness Areas,Clear Springs Wilderness,A (Min Min),18590,16731000,6.432868,7.395988,0.96312,6.717703,0.373159,124882.1014,1673.1,4134.313755
high_IV_WOI,Forest Service Wilderness Areas,Clifty Wilderness,A (Min Min),44134,39720600,6.49159,7.057102,0.565513,6.854696,0.237649,302525.1472,3972.06,9815.158863
high_IV_WOI,Forest Service Wilderness Areas,Cranberry Wilderness,A (Min Min),213699,192329100,1.190294,6.219878,5.029584,5.769468,0.446058,1232929.59,19232.91,47525.48226
high_IV_WOI,Forest Service Wilderness Areas,Delirium Wilderness,A (Min Min),44197,39777300,2.101025,4.961396,2.860371,3.790576,0.945108,167532.0792,3977.73,9829.169717
high_IV_WOI,Forest Service Wilderness Areas,Dolly Sods Wilderness,A (Min Min),74093,66683700,1.732565,6.793089,5.060524,6.204803,1.061318,459732.481,6668.37,16477.87569
high_IV_WOI,Forest Service Wilderness Areas,Garden Mountain Wilderness,A (Min Min),14948,13453200,0.994811,5.621964,4.627154,4.687196,1.144598,70064.20431,1345.32,3324.352986
high_IV_WOI,Forest Service Wilderness Areas,Garden of the Gods Wilderness,A (Min Min),16121,14508900,2.163216,6.961473,4.798257,3.010056,0.864909,48525.11894,1450.89,3585.221735
high_IV_WOI,Forest Service Wilderness Areas,George D. Aiken Wilderness,A (Min Min),21211,19089900,0.844952,5.338807,4.493855,4.838685,0.15246,102633.3437,1908.99,4717.20974
high_IV_WOI,Forest Service Wilderness Areas,Glastenbury Wilderness,A (Min Min),100221,90198900,0.550395,5.457566,4.907171,4.85557,0.41857,486630.0848,9019.89,22288.59918
high_IV_WOI,Forest Service Wilderness Areas,Great Gulf Wilderness,A (Min Min),18718,16846200,3.18053,4.331075,1.150545,3.640824,0.49223,68148.94004,1684.62,4162.780251
high_IV_WOI,Forest Service Wilderness Areas,Headwaters Wilderness,A (Min Min),94429,84986100,1.275498,4.458568,3.18307,3.6378,1.103997,343513.8093,8498.61,21000.49024
high_IV_WOI,Forest Service Wilderness Areas,Hickory Creek Wilderness,A (Min Min),38376,34538400,1.886664,5.963025,4.076361,5.920982,0.170208,227223.6237,3453.84,8534.611332
high_IV_WOI,Forest Service Wilderness Areas,Horseshoe Bay Wilderness,A (Min Min),9957,8961300,4.164089,4.31442,0.150331,4.277009,0.047465,42586.17456,896.13,2214.382037
high_IV_WOI,Forest Service Wilderness Areas,Hunting Camp Creek Wilderness,A (Min Min),38035,34231500,-2.454571,5.545429,8,4.889162,1.188004,185959.2752,3423.15,8458.774808
high_IV_WOI,Forest Service Wilderness Areas,James River Face Wilderness,A (Min Min),33400,30060000,0.112881,4.64794,4.535059,4.208025,0.374798,140548.0326,3006,7427.9763
high_IV_WOI,Forest Service Wilderness Areas,Joseph Battell Wilderness,A (Min Min),55419,49877100,0.232274,4.479623,4.247349,4.305127,0.199851,238585.8162,4987.71,12324.8808
high_IV_WOI,Forest Service Wilderness Areas,Kimberling Creek Wilderness,A (Min Min),26583,23924700,0.601089,5.227524,4.626434,4.569174,1.150264,121462.3393,2392.47,5911.912994
high_IV_WOI,Forest Service Wilderness Areas,Laurel Fork North Wilderness,A (Min Min),27060,24354000,1.962141,6.203069,4.240928,6.048206,0.551265,163664.4581,2435.4,6017.99517
high_IV_WOI,Forest Service Wilderness Areas,Laurel Fork South Wilderness,A (Min Min),25994,23394600,1.742072,6.140839,4.398767,5.792267,0.775816,150564.1985,2339.46,5780.922633
high_IV_WOI,Forest Service Wilderness Areas,Lewis Fork Wilderness,A (Min Min),26672,24004800,5.215364,6.212152,0.996787,5.877809,0.292503,156772.9345,2400.48,5931.706104
high_IV_WOI,Forest Service Wilderness Areas,Little Dry Run Wilderness,A (Min Min),12758,11482200,-0.700006,4.898101,5.598107,4.09244,1.50247,52211.34781,1148.22,2837.309031
high_IV_WOI,Forest Service Wilderness Areas,Little Wilson Creek Wilderness,A (Min Min),23793,21413700,1.301551,5.746164,4.444613,5.455311,0.317089,129798.2222,2141.37,5291.432339
high_IV_WOI,Forest Service Wilderness Areas,Lusk Creek Wilderness,A (Min Min),24856,22370400,2.935253,7.48312,4.547867,4.381769,1.691596,108913.24,2237.04,5527.837692
high_IV_WOI,Forest Service Wilderness Areas,Lye Brook Wilderness,A (Min Min),80981,72882900,1.357684,5.595273,4.237589,5.405235,0.296054,437721.3022,7288.29,18009.729
high_IV_WOI,Forest Service Wilderness Areas,Mackinac Wilderness,A (Min Min),47500,42750000,2.044841,4.291321,2.24648,3.992046,0.676121,189622.1661,4275,10563.73875
high_IV_WOI,Forest Service Wilderness Areas,McCormick Wilderness,A (Min Min),72136,64922400,2.458136,4.669847,2.211711,4.377034,0.529609,315741.7093,6492.24,16042.64965
high_IV_WOI,Forest Service Wilderness Areas,Mountain Lake Wilderness,A (Min Min),71755,64579500,-4.334339,5.290503,9.624842,4.019186,1.713756,288396.7248,6457.95,15957.91735
high_IV_WOI,Forest Service Wilderness Areas,Nordhouse Dunes Wilderness,A (Min Min),10035,9031500,2.564134,6.665209,4.101075,4.371945,1.409213,43872.46987,903.15,2231.728808
high_IV_WOI,Forest Service Wilderness Areas,Otter Creek Wilderness,A (Min Min),92375,83137500,1.098145,5.9559,4.857756,5.501147,0.822626,508168.4498,8313.75,20543.69194
high_IV_WOI,Forest Service Wilderness Areas,Panther Den Wilderness,A (Min Min),4120,3708000,6.735418,6.776793,0.041374,6.762683,0.019614,27862.25445,370.8,916.26534
high_IV_WOI,Forest Service Wilderness Areas,Pemigewasset Wilderness,A (Min Min),204675,184207500,-0.91692,4.393227,5.310147,3.727084,0.369334,762840.9271,18420.75,45518.59429
high_IV_WOI,Forest Service Wilderness Areas,Peru Peak Wilderness,A (Min Min),34953,31457700,2.202291,4.728638,2.526347,4.499084,0.20845,157256.4864,3145.77,7773.354959
high_IV_WOI,Forest Service Wilderness Areas,Peters Mountain Wilderness,A (Min Min),18362,16525800,-4.141593,5.22204,9.363634,2.893144,1.738182,53123.91029,1652.58,4083.607809
high_IV_WOI,Forest Service Wilderness Areas,Porcupine Lake Wilderness,A (Min Min),18212,16390800,5.832753,6.138811,0.306058,6.009671,0.079775,109448.128,1639.08,4050.248634
high_IV_WOI,Forest Service Wilderness Areas,Presidential Range-Dry River Wilderness,A (Min Min),121345,109210500,2.649174,4.804294,2.15512,3.723026,0.660573,451770.5385,10921.05,26986.4606
high_IV_WOI,Forest Service Wilderness Areas,Priest Wilderness,A (Min Min),26190,23571000,1.766283,5.803644,4.037361,5.534812,0.181948,144956.7259,2357.1,5824.511955
high_IV_WOI,Forest Service Wilderness Areas,Raccoon Branch Wilderness,A (Min Min),18966,17069400,0.736444,5.512547,4.776103,5.062064,0.982502,96007.10298,1706.94,4217.934087
high_IV_WOI,Forest Service Wilderness Areas,Rainbow Lake Wilderness,A (Min Min),30465,27418500,5.764916,6.060139,0.295222,5.869752,0.076109,178821.9948,2741.85,6775.248443
high_IV_WOI,Forest Service Wilderness Areas,Ramseys Draft Wilderness,A (Min Min),29056,26150400,0.309969,4.713631,4.403662,4.44369,0.549324,129115.857,2615.04,6461.894592
high_IV_WOI,Forest Service Wilderness Areas,Rich Hole Wilderness,A (Min Min),26467,23820300,-0.267829,4.320479,4.588309,3.382483,1.330272,89524.16706,2382.03,5886.115232
high_IV_WOI,Forest Service Wilderness Areas,Roaring Plains West Wilderness,A (Min Min),28883,25994700,1.780675,6.492934,4.712259,6.118519,0.418724,176721.1734,2599.47,6423.420344
high_IV_WOI,Forest Service Wilderness Areas,Rock River Canyon Wilderness,A (Min Min),23291,20961900,0.123531,5.32965,5.206119,4.1758,1.227483,97258.55076,2096.19,5179.7903
high_IV_WOI,Forest Service Wilderness Areas,Rough Mountain Wilderness,A (Min Min),31500,28350000,-6.405123,4.259993,10.665116,1.707752,1.821297,53794.20129,2835,7005.42675
high_IV_WOI,Forest Service Wilderness Areas,Saint Mary's Wilderness,A (Min Min),42316,38084400,0.246958,6.05433,5.807372,5.142752,1.090722,217620.704,3808.44,9410.845662
high_IV_WOI,Forest Service Wilderness Areas,Sandwich Range Wilderness,A (Min Min),158091,142281900,-0.730095,3.554085,4.28418,3.077151,0.289557,486469.9301,14228.19,35158.5689
high_IV_WOI,Forest Service Wilderness Areas,Shawvers Run Wilderness,A (Min Min),25907,23316300,0.618769,5.361267,4.742498,4.461571,1.217592,115585.9083,2331.63,5761.574312
high_IV_WOI,Forest Service Wilderness Areas,Spice Run Wilderness,A (Min Min),26885,24196500,-4.142972,3.947483,8.090455,2.686505,1.788477,72226.68491,2419.65,5979.076133
high_IV_WOI,Forest Service Wilderness Areas,Stone Mountain Wilderness,A (Min Min),14357,12921300,4.81374,5.61994,0.8062,5.501819,0.165232,78989.62196,1292.13,3192.917837
high_IV_WOI,Forest Service Wilderness Areas,Sturgeon River Gorge Wilderness,A (Min Min),73597,66237300,1.169713,4.189178,3.019464,3.967101,0.292783,291966.7353,6623.73,16367.56802
high_IV_WOI,Forest Service Wilderness Areas,Sylvania Wilderness,A (Min Min),64084,57675600,2.714331,5.24573,2.5314,4.922381,0.512787,315445.8878,5767.56,14251.92914
high_IV_WOI,Forest Service Wilderness Areas,Three Ridges Wilderness,A (Min Min),19759,17783100,1.803644,6.612759,4.809114,5.994925,0.236873,118453.723,1778.31,4394.292926
high_IV_WOI,Forest Service Wilderness Areas,Thunder Ridge Wilderness,A (Min Min),10586,9527400,4.4794,4.730716,0.251316,4.654114,0.036676,49268.45313,952.74,2354.268177
high_IV_WOI,Forest Service Wilderness Areas,Whisker Lake Wilderness,A (Min Min),30122,27109800,1.214293,4.035173,2.820881,3.876711,0.495466,116774.2954,2710.98,6698.967129
high_IV_WOI,Forest Service Wilderness Areas,Wild River Wilderness,A (Min Min),107124,96411600,-2.017189,3.296721,5.31391,2.47111,0.531564,264715.1949,9641.16,23823.78842
high_IV_WOI,Forest Service Wilderness Areas,Allegheny Islands Wilderness,B (Max Min),1254,1128600,-9.664443,-9.431771,0.232672,-9.558776,0.09326,-11986.70455,112.86,278.882703
high_IV_WOI,Forest Service Wilderness Areas,Bald Knob Wilderness,B (Max Min),21834,19650600,-8.493233,-4.04286,4.450373,-7.955566,1.113777,-173701.8369,1965.06,4855.761513
high_IV_WOI,Forest Service Wilderness Areas,Barbours Creek Wilderness,B (Max Min),19552,17596800,-10.719086,-5.812774,4.906312,-10.604443,0.34139,-207338.06,1759.68,4348.257264
high_IV_WOI,Forest Service Wilderness Areas,Bay Creek Wilderness,B (Max Min),11497,10347300,-8.668053,-8.01688,0.651173,-8.572962,0.174481,-98563.34851,1034.73,2556.869567
high_IV_WOI,Forest Service Wilderness Areas,Beartown Wilderness,B (Max Min),25023,22520700,-10.710526,-3.098744,7.611782,-5.797845,3.083472,-145079.4737,2252.07,5564.977574
high_IV_WOI,Forest Service Wilderness Areas,Beaver Creek Wilderness,B (Max Min),20126,18113400,-10.282623,1.792228,12.074851,-10.131305,0.486246,-203902.6477,1811.34,4475.911707
high_IV_WOI,Forest Service Wilderness Areas,Big Branch Wilderness,B (Max Min),30234,27210600,-11.442942,-3.271362,8.171579,-4.988807,2.914677,-150831.6025,2721.06,6723.875313
high_IV_WOI,Forest Service Wilderness Areas,Big Draft Wilderness,B (Max Min),21973,19775700,-11.893378,-10.46639,1.426989,-11.012546,0.611842,-241978.6735,1977.57,4886.674349
high_IV_WOI,Forest Service Wilderness Areas,Big Island Lake Wilderness,B (Max Min),20994,18894600,-4.023316,-1.542411,2.480905,-3.576724,0.653457,-75089.74126,1889.46,4668.950133
high_IV_WOI,Forest Service Wilderness Areas,Blackjack Springs Wilderness,B (Max Min),24078,21670200,-10.881807,-7.381807,3.5,-9.612411,0.948625,-231447.6283,2167.02,5354.814771
high_IV_WOI,Forest Service Wilderness Areas,Boundary Waters Canoe Area Wilderness,B (Max Min),3574338,3216904200,-11.290081,2.097906,13.387987,-9.346871,0.741338,-33408874.75,321690.42,794913.1123
high_IV_WOI,Forest Service Wilderness Areas,Breadloaf Wilderness,B (Max Min),112231,101007900,-11.088286,-3.34097,7.747316,-3.807535,0.907236,-427323.4825,10100.79,24959.55713
high_IV_WOI,Forest Service Wilderness Areas,Bristol Cliffs Wilderness,B (Max Min),16590,14931000,-11.38227,-3.692679,7.68959,-6.799583,2.84094,-112805.0792,1493.1,3689.524755
high_IV_WOI,Forest Service Wilderness Areas,Brush Mountain East Wilderness,B (Max Min),15051,13545900,-11.098351,-6.96064,4.137711,-9.594291,1.753489,-144403.6741,1354.59,3347.25962
high_IV_WOI,Forest Service Wilderness Areas,Brush Mountain Wilderness,B (Max Min),19971,17973900,-11.014544,-6.780816,4.233727,-9.702448,1.411958,-193767.5888,1797.39,4441.44056
high_IV_WOI,Forest Service Wilderness Areas,Burden Falls Wilderness,B (Max Min),14721,13248900,-8.698062,-8.647083,0.050979,-8.672936,0.019767,-127674.2856,1324.89,3273.869435
high_IV_WOI,Forest Service Wilderness Areas,Caribou-Speckled Mountain Wilderness,B (Max Min),50346,45311400,-13.8445,-6.036772,7.807727,-10.530085,2.086542,-530147.6381,4531.14,11196.6735
high_IV_WOI,Forest Service Wilderness Areas,Charles C. Deam Wilderness,B (Max Min),54168,48751200,-7.530896,4.871437,12.402333,-6.834213,0.330076,-370195.6638,4875.12,12046.66528
high_IV_WOI,Forest Service Wilderness Areas,Clear Springs Wilderness,B (Max Min),18590,16731000,-9.067132,-4.104012,4.96312,-8.248461,1.345356,-153338.8986,1673.1,4134.313755
high_IV_WOI,Forest Service Wilderness Areas,Clifty Wilderness,B (Max Min),44134,39720600,-9.00841,3.307102,12.315513,-6.314686,4.691283,-278692.3528,3972.06,9815.158863
high_IV_WOI,Forest Service Wilderness Areas,Cranberry Wilderness,B (Max Min),213699,192329100,-10.091753,-1.780122,8.311631,-2.254741,0.68191,-481835.91,19232.91,47525.48226
high_IV_WOI,Forest Service Wilderness Areas,Delirium Wilderness,B (Max Min),44197,39777300,-3.898975,-1.038604,2.860371,-2.942822,0.96645,-130063.9208,3977.73,9829.169717
high_IV_WOI,Forest Service Wilderness Areas,Dolly Sods Wilderness,B (Max Min),74093,66683700,-9.767435,-1.206911,8.560524,-3.211123,2.509189,-237921.769,6668.37,16477.87569
high_IV_WOI,Forest Service Wilderness Areas,Garden Mountain Wilderness,B (Max Min),14948,13453200,-10.598743,-8.704571,1.894173,-9.976355,0.602517,-149126.5477,1345.32,3324.352986
high_IV_WOI,Forest Service Wilderness Areas,Garden of the Gods Wilderness,B (Max Min),16121,14508900,-9.336784,-8.536101,0.800683,-8.837379,0.386244,-142467.3811,1450.89,3585.221735
high_IV_WOI,Forest Service Wilderness Areas,George D. Aiken Wilderness,B (Max Min),21211,19089900,-5.552073,-2.661193,2.89088,-3.167326,0.183927,-67182.15625,1908.99,4717.20974
high_IV_WOI,Forest Service Wilderness Areas,Glastenbury Wilderness,B (Max Min),100221,90198900,-11.435329,-2.542434,8.892896,-3.964099,2.479555,-397285.9158,9019.89,22288.59918
high_IV_WOI,Forest Service Wilderness Areas,Great Gulf Wilderness,B (Max Min),18718,16846200,-7.81947,-3.668925,4.150545,-4.410504,0.638653,-82555.80996,1684.62,4162.780251
high_IV_WOI,Forest Service Wilderness Areas,Headwaters Wilderness,B (Max Min),94429,84986100,-11.474503,-7.541432,3.93307,-9.887965,1.299362,-933710.6098,8498.61,21000.49024
high_IV_WOI,Forest Service Wilderness Areas,Hickory Creek Wilderness,B (Max Min),38376,34538400,-9.837647,-9.536975,0.300673,-9.572138,0.041962,-367340.3763,3453.84,8534.611332
high_IV_WOI,Forest Service Wilderness Areas,Horseshoe Bay Wilderness,B (Max Min),9957,8961300,-3.835911,-1.68558,2.150331,-3.617739,0.454511,-36021.82545,896.13,2214.382037
high_IV_WOI,Forest Service Wilderness Areas,Hunting Camp Creek Wilderness,B (Max Min),38035,34231500,-10.616076,-8.704571,1.911505,-9.938004,0.54,-377991.972,3423.15,8458.774808
high_IV_WOI,Forest Service Wilderness Areas,James River Face Wilderness,B (Max Min),33400,30060000,-11.637119,-3.353579,8.28354,-10.915358,1.127886,-364572.9725,3006,7427.9763
high_IV_WOI,Forest Service Wilderness Areas,Joseph Battell Wilderness,B (Max Min),55419,49877100,-6.861007,-3.520377,3.34063,-3.798092,0.563659,-210486.4338,4987.71,12324.8808
high_IV_WOI,Forest Service Wilderness Areas,Kimberling Creek Wilderness,B (Max Min),26583,23924700,-10.898911,-9.022476,1.876434,-10.200924,0.634642,-271171.1607,2392.47,5911.912994
high_IV_WOI,Forest Service Wilderness Areas,Laurel Fork North Wilderness,B (Max Min),27060,24354000,-9.537859,-1.796931,7.740928,-2.738416,2.437093,-74101.54188,2435.4,6017.99517
high_IV_WOI,Forest Service Wilderness Areas,Laurel Fork South Wilderness,B (Max Min),25994,23394600,-2.257928,-1.859161,0.398767,-2.05739,0.114567,-53479.80152,2339.46,5780.922633
high_IV_WOI,Forest Service Wilderness Areas,Lewis Fork Wilderness,B (Max Min),26672,24004800,-10.241286,-1.787848,8.453438,-2.203174,0.839368,-58763.06552,2400.48,5931.706104
high_IV_WOI,Forest Service Wilderness Areas,Little Dry Run Wilderness,B (Max Min),12758,11482200,-10.700006,-9.351898,1.348108,-9.984002,0.62504,-127375.8968,1148.22,2837.309031
high_IV_WOI,Forest Service Wilderness Areas,Little Wilson Creek Wilderness,B (Max Min),23793,21413700,-10.851127,-2.253836,8.597291,-4.913694,2.817106,-116911.5278,2141.37,5291.432339
high_IV_WOI,Forest Service Wilderness Areas,Lusk Creek Wilderness,B (Max Min),24856,22370400,-8.604336,-8.01688,0.587456,-8.232399,0.093475,-204624.51,2237.04,5527.837692
high_IV_WOI,Forest Service Wilderness Areas,Lye Brook Wilderness,B (Max Min),80981,72882900,-11.297112,-2.404727,8.892385,-3.084831,1.944102,-249812.6982,7288.29,18009.729
high_IV_WOI,Forest Service Wilderness Areas,Mackinac Wilderness,B (Max Min),47500,42750000,-3.955159,-1.708679,2.24648,-3.449723,0.713702,-163861.8339,4275,10563.73875
high_IV_WOI,Forest Service Wilderness Areas,McCormick Wilderness,B (Max Min),72136,64922400,-9.745506,-7.330153,2.415354,-8.200513,0.938355,-591552.1951,6492.24,16042.64965
high_IV_WOI,Forest Service Wilderness Areas,Mountain Lake Wilderness,B (Max Min),71755,64579500,-10.702044,-8.984596,1.717448,-10.132594,0.50562,-727064.2752,6457.95,15957.91735
high_IV_WOI,Forest Service Wilderness Areas,Nordhouse Dunes Wilderness,B (Max Min),10035,9031500,-8.935866,4.665209,13.601075,-8.013107,3.132125,-80411.53014,903.15,2231.728808
high_IV_WOI,Forest Service Wilderness Areas,Otter Creek Wilderness,B (Max Min),92375,83137500,-10.401855,-2.0441,8.357756,-4.588466,3.367345,-423859.5502,8313.75,20543.69194
high_IV_WOI,Forest Service Wilderness Areas,Panther Den Wilderness,B (Max Min),4120,3708000,-8.764582,-8.723207,0.041374,-8.737317,0.019614,-35997.74555,370.8,916.26534
high_IV_WOI,Forest Service Wilderness Areas,Pemigewasset Wilderness,B (Max Min),204675,184207500,-12.41692,-1.655899,10.761021,-4.697251,1.393033,-961409.8216,18420.75,45518.59429
high_IV_WOI,Forest Service Wilderness Areas,Peru Peak Wilderness,B (Max Min),34953,31457700,-6.047709,-3.271362,2.776347,-3.512152,0.274013,-122760.2636,3145.77,7773.354959
high_IV_WOI,Forest Service Wilderness Areas,Peters Mountain Wilderness,B (Max Min),18362,16525800,-11.727798,-9.02796,2.699839,-11.056753,0.462768,-203024.0962,1652.58,4083.607809
high_IV_WOI,Forest Service Wilderness Areas,Porcupine Lake Wilderness,B (Max Min),18212,16390800,-9.667247,-5.861189,3.806058,-9.405577,0.537553,-171294.372,1639.08,4050.248634
high_IV_WOI,Forest Service Wilderness Areas,Presidential Range-Dry River Wilderness,B (Max Min),121345,109210500,-12.850826,-1.850478,11.000348,-5.201619,2.402411,-631190.4655,10921.05,26986.4606
high_IV_WOI,Forest Service Wilderness Areas,Priest Wilderness,B (Max Min),26190,23571000,-10.167748,-2.358492,7.809257,-8.600774,2.78717,-225254.2741,2357.1,5824.511955
high_IV_WOI,Forest Service Wilderness Areas,Raccoon Branch Wilderness,B (Max Min),18966,17069400,-10.763556,-5.487453,5.276103,-9.359533,0.740029,-177512.8962,1706.94,4217.934087
high_IV_WOI,Forest Service Wilderness Areas,Rainbow Lake Wilderness,B (Max Min),30465,27418500,-9.735084,-5.943845,3.791239,-9.625538,0.150214,-293242.0052,2741.85,6775.248443
high_IV_WOI,Forest Service Wilderness Areas,Ramseys Draft Wilderness,B (Max Min),29056,26150400,-11.190031,-9.541084,1.648947,-10.985843,0.191564,-319204.6452,2615.04,6461.894592
high_IV_WOI,Forest Service Wilderness Areas,Rich Hole Wilderness,B (Max Min),26467,23820300,-11.76783,-4.051674,7.716156,-11.443055,0.761857,-302863.337,2382.03,5886.115232
high_IV_WOI,Forest Service Wilderness Areas,Roaring Plains West Wilderness,B (Max Min),28883,25994700,-9.719325,-1.507066,8.212259,-3.218721,2.719716,-92966.32662,2599.47,6423.420344
high_IV_WOI,Forest Service Wilderness Areas,Rock River Canyon Wilderness,B (Max Min),23291,20961900,-12.976469,-6.67035,6.306119,-10.184623,1.569835,-237210.0466,2096.19,5179.7903
high_IV_WOI,Forest Service Wilderness Areas,Rough Mountain Wilderness,B (Max Min),31500,28350000,-12.405123,-8.315552,4.089571,-12.244859,0.263043,-385713.0477,2835,7005.42675
high_IV_WOI,Forest Service Wilderness Areas,Saint Mary's Wilderness,B (Max Min),42316,38084400,-11.253042,-1.94567,9.307372,-9.929785,0.614816,-420188.7962,3808.44,9410.845662
high_IV_WOI,Forest Service Wilderness Areas,Sandwich Range Wilderness,B (Max Min),158091,142281900,-13.04613,-2.445915,10.600215,-5.293097,1.259852,-836791.0692,14228.19,35158.5689
high_IV_WOI,Forest Service Wilderness Areas,Shawvers Run Wilderness,B (Max Min),25907,23316300,-10.881231,-5.638733,5.242498,-9.876745,0.99526,-255876.8403,2331.63,5761.574312
high_IV_WOI,Forest Service Wilderness Areas,Spice Run Wilderness,B (Max Min),26885,24196500,-11.915924,-10.302517,1.613407,-11.169046,0.592402,-300279.8063,2419.65,5979.076133
high_IV_WOI,Forest Service Wilderness Areas,Stone Mountain Wilderness,B (Max Min),14357,12921300,-10.68626,1.86994,12.5562,-9.522507,1.520354,-136714.628,1292.13,3192.917837
high_IV_WOI,Forest Service Wilderness Areas,Sturgeon River Gorge Wilderness,B (Max Min),73597,66237300,-11.580286,-7.810822,3.769464,-10.6139,0.807786,-781151.2126,6623.73,16367.56802
high_IV_WOI,Forest Service Wilderness Areas,Sylvania Wilderness,B (Max Min),64084,57675600,-9.535669,-6.75427,2.7814,-7.971169,0.983319,-510824.4162,5767.56,14251.92914
high_IV_WOI,Forest Service Wilderness Areas,Three Ridges Wilderness,B (Max Min),19759,17783100,-10.023338,-1.387241,8.636097,-5.313517,3.78422,-104989.777,1778.31,4394.292926
high_IV_WOI,Forest Service Wilderness Areas,Thunder Ridge Wilderness,B (Max Min),10586,9527400,-11.020599,-3.269284,7.751315,-6.767858,3.686664,-71644.54542,952.74,2354.268177
high_IV_WOI,Forest Service Wilderness Areas,Whisker Lake Wilderness,B (Max Min),30122,27109800,-8.475368,-7.964827,0.510542,-8.106486,0.147927,-244183.5562,2710.98,6698.967129
high_IV_WOI,Forest Service Wilderness Areas,Wild River Wilderness,B (Max Min),107124,96411600,-13.56374,-2.725271,10.838469,-7.006998,2.692248,-750617.6168,9641.16,23823.78842
high_IV_WOI,Forest Service Wilderness Areas,Allegheny Islands Wilderness,C (Max Max),1254,1128600,-17.164444,-16.93177,0.232674,-17.058776,0.093261,-21391.7047,112.86,278.882703
high_IV_WOI,Forest Service Wilderness Areas,Bald Knob Wilderness,C (Max Max),21834,19650600,-15.993233,-7.54286,8.450373,-15.118111,2.217369,-330088.8369,1965.06,4855.761513
high_IV_WOI,Forest Service Wilderness Areas,Barbours Creek Wilderness,C (Max Max),19552,17596800,-18.219086,-9.062774,9.156312,-18.084854,0.639378,-353595.0607,1759.68,4348.257264
high_IV_WOI,Forest Service Wilderness Areas,Bay Creek Wilderness,C (Max Max),11497,10347300,-16.168053,-15.51688,0.651173,-16.072962,0.174481,-184790.8485,1034.73,2556.869567
high_IV_WOI,Forest Service Wilderness Areas,Beartown Wilderness,C (Max Max),25023,22520700,-18.210526,-9.348743,8.861782,-12.137742,3.957428,-303722.7202,2252.07,5564.977574
high_IV_WOI,Forest Service Wilderness Areas,Beaver Creek Wilderness,C (Max Max),20126,18113400,-17.782623,-1.957772,15.824851,-17.625156,0.63565,-354723.8973,1811.34,4475.911707
high_IV_WOI,Forest Service Wilderness Areas,Big Branch Wilderness,C (Max Max),30234,27210600,-18.942942,-10.771362,8.171579,-12.493067,2.91669,-377715.4015,2721.06,6723.875313
high_IV_WOI,Forest Service Wilderness Areas,Big Draft Wilderness,C (Max Max),21973,19775700,-19.393379,-19.216389,0.176991,-19.276381,0.065512,-423559.918,1977.57,4886.674349
high_IV_WOI,Forest Service Wilderness Areas,Big Island Lake Wilderness,C (Max Max),20994,18894600,-11.523316,-7.542411,3.980905,-10.927967,1.089176,-229421.7459,1889.46,4668.950133
high_IV_WOI,Forest Service Wilderness Areas,Blackjack Springs Wilderness,C (Max Max),24078,21670200,-18.979164,-13.481808,5.497356,-17.655083,2.03052,-425099.0838,2167.02,5354.814771
high_IV_WOI,Forest Service Wilderness Areas,Boundary Waters Canoe Area Wilderness,C (Max Max),3574338,3216904200,-17.090082,0.097906,17.187988,-15.224804,0.682417,-54418596.3,321690.42,794913.1123
high_IV_WOI,Forest Service Wilderness Areas,Breadloaf Wilderness,C (Max Max),112231,101007900,-18.588287,-10.84097,7.747317,-11.116893,0.55435,-1247659.975,10100.79,24959.55713
high_IV_WOI,Forest Service Wilderness Areas,Bristol Cliffs Wilderness,C (Max Max),16590,14931000,-18.882271,-11.192679,7.689591,-13.878377,3.074512,-230242.2825,1493.1,3689.524755
high_IV_WOI,Forest Service Wilderness Areas,Brush Mountain East Wilderness,C (Max Max),15051,13545900,-18.598351,-10.46064,8.137711,-16.111483,3.65675,-242493.9311,1354.59,3347.25962
high_IV_WOI,Forest Service Wilderness Areas,Brush Mountain Wilderness,C (Max Max),19971,17973900,-18.514544,-10.280816,8.233727,-17.009606,3.033094,-339698.8345,1797.39,4441.44056
high_IV_WOI,Forest Service Wilderness Areas,Burden Falls Wilderness,C (Max Max),14721,13248900,-16.198063,-16.147083,0.05098,-16.172936,0.019768,-238081.7888,1324.89,3273.869435
high_IV_WOI,Forest Service Wilderness Areas,Caribou-Speckled Mountain Wilderness,C (Max Max),50346,45311400,-21.3445,-13.480142,7.864358,-17.904607,3.105563,-901425.3448,4531.14,11196.6735
high_IV_WOI,Forest Service Wilderness Areas,Charles C. Deam Wilderness,C (Max Max),54168,48751200,-15.030896,-0.628563,14.402333,-14.333992,0.338496,-776443.6638,4875.12,12046.66528
high_IV_WOI,Forest Service Wilderness Areas,Clear Springs Wilderness,C (Max Max),18590,16731000,-16.567131,-7.604012,8.96312,-15.214626,2.679821,-282839.9013,1673.1,4134.313755
high_IV_WOI,Forest Service Wilderness Areas,Clifty Wilderness,C (Max Max),44134,39720600,-16.508411,-0.442898,16.065514,-13.070872,6.185168,-576869.8512,3972.06,9815.158863
high_IV_WOI,Forest Service Wilderness Areas,Cranberry Wilderness,C (Max Max),213699,192329100,-17.591753,-8.273702,9.318051,-9.660713,0.677621,-2064484.66,19232.91,47525.48226
high_IV_WOI,Forest Service Wilderness Areas,Delirium Wilderness,C (Max Max),44197,39777300,-11.398975,-7.038604,4.360371,-9.967847,1.653628,-440548.9309,3977.73,9829.169717
high_IV_WOI,Forest Service Wilderness Areas,Dolly Sods Wilderness,C (Max Max),74093,66683700,-17.267435,-7.577156,9.690279,-9.822214,2.448657,-727757.2723,6668.37,16477.87569
high_IV_WOI,Forest Service Wilderness Areas,Garden Mountain Wilderness,C (Max Max),14948,13453200,-18.098743,-17.378036,0.720707,-17.937202,0.147897,-268125.2977,1345.32,3324.352986
high_IV_WOI,Forest Service Wilderness Areas,Garden of the Gods Wilderness,C (Max Max),16121,14508900,-16.836784,-16.036102,0.800682,-16.337379,0.386244,-263374.8907,1450.89,3585.221735
high_IV_WOI,Forest Service Wilderness Areas,George D. Aiken Wilderness,C (Max Max),21211,19089900,-13.402073,-10.161193,3.24088,-10.669009,0.205819,-226300.3512,1908.99,4717.20974
high_IV_WOI,Forest Service Wilderness Areas,Glastenbury Wilderness,C (Max Max),100221,90198900,-18.935329,-10.042434,8.892896,-11.474638,2.487604,-1149999.713,9019.89,22288.59918
high_IV_WOI,Forest Service Wilderness Areas,Great Gulf Wilderness,C (Max Max),18718,16846200,-14.91947,-11.168925,3.750545,-11.907931,0.640295,-222892.659,1684.62,4162.780251
high_IV_WOI,Forest Service Wilderness Areas,Headwaters Wilderness,C (Max Max),94429,84986100,-18.974503,-13.641433,5.33307,-17.503601,2.169085,-1652847.52,8498.61,21000.49024
high_IV_WOI,Forest Service Wilderness Areas,Hickory Creek Wilderness,C (Max Max),38376,34538400,-17.337646,-17.036976,0.300671,-17.072138,0.041962,-655160.3832,3453.84,8534.611332
high_IV_WOI,Forest Service Wilderness Areas,Horseshoe Bay Wilderness,C (Max Max),9957,8961300,-11.335911,-7.68558,3.650331,-11.038799,0.788399,-109913.3237,896.13,2214.382037
high_IV_WOI,Forest Service Wilderness Areas,Hunting Camp Creek Wilderness,C (Max Max),38035,34231500,-18.116076,-17.454571,0.661505,-17.692177,0.203004,-672921.9689,3423.15,8458.774808
high_IV_WOI,Forest Service Wilderness Areas,James River Face Wilderness,C (Max Max),33400,30060000,-19.137119,-9.603579,9.533541,-18.137222,2.165792,-605783.2184,3006,7427.9763
high_IV_WOI,Forest Service Wilderness Areas,Joseph Battell Wilderness,C (Max Max),55419,49877100,-13.961008,-11.020377,2.940631,-11.237339,0.385246,-622762.0849,4987.71,12324.8808
high_IV_WOI,Forest Service Wilderness Areas,Kimberling Creek Wilderness,C (Max Max),26583,23924700,-18.398911,-17.772476,0.626434,-18.035819,0.275068,-479446.1634,2392.47,5911.912994
high_IV_WOI,Forest Service Wilderness Areas,Laurel Fork North Wilderness,C (Max Max),27060,24354000,-17.037859,-8.046931,8.990928,-10.220216,2.447498,-276559.0423,2435.4,6017.99517
high_IV_WOI,Forest Service Wilderness Areas,Laurel Fork South Wilderness,C (Max Max),25994,23394600,-9.757928,-8.109161,1.648767,-9.555707,0.123687,-248391.0515,2339.46,5780.922633
high_IV_WOI,Forest Service Wilderness Areas,Lewis Fork Wilderness,C (Max Max),26672,24004800,-17.741287,-8.037848,9.703439,-9.05835,1.038899,-241604.3155,2400.48,5931.706104
high_IV_WOI,Forest Service Wilderness Areas,Little Dry Run Wilderness,C (Max Max),12758,11482200,-18.200006,-18.101898,0.098108,-18.152896,0.022349,-231594.6468,1148.22,2837.309031
high_IV_WOI,Forest Service Wilderness Areas,Little Wilson Creek Wilderness,C (Max Max),23793,21413700,-18.351128,-8.503836,9.847292,-10.457152,3.362461,-248807.0268,2141.37,5291.432339
high_IV_WOI,Forest Service Wilderness Areas,Lusk Creek Wilderness,C (Max Max),24856,22370400,-16.104336,-15.51688,0.587456,-15.732399,0.093475,-391044.51,2237.04,5527.837692
high_IV_WOI,Forest Service Wilderness Areas,Lye Brook Wilderness,C (Max Max),80981,72882900,-18.797112,-9.904727,8.892385,-10.584016,1.94357,-857104.1945,7288.29,18009.729
high_IV_WOI,Forest Service Wilderness Areas,Mackinac Wilderness,C (Max Max),47500,42750000,-11.455159,-7.708679,3.74648,-10.731607,1.241757,-509751.3407,4275,10563.73875
high_IV_WOI,Forest Service Wilderness Areas,McCormick Wilderness,C (Max Max),72136,64922400,-18.495506,-13.335788,5.159719,-14.980884,2.205936,-1080661.025,6492.24,16042.64965
high_IV_WOI,Forest Service Wilderness Areas,Mountain Lake Wilderness,C (Max Max),71755,64579500,-18.202045,-17.709497,0.492548,-17.865226,0.114659,-1281919.29,6457.95,15957.91735
high_IV_WOI,Forest Service Wilderness Areas,Nordhouse Dunes Wilderness,C (Max Max),10035,9031500,-16.435867,2.665209,19.101076,-15.288544,3.990652,-153420.5341,903.15,2231.728808
high_IV_WOI,Forest Service Wilderness Areas,Otter Creek Wilderness,C (Max Max),92375,83137500,-17.901855,-8.2941,9.607756,-11.735013,3.567526,-1084021.807,8313.75,20543.69194
high_IV_WOI,Forest Service Wilderness Areas,Panther Den Wilderness,C (Max Max),4120,3708000,-16.264582,-16.223207,0.041374,-16.237317,0.019614,-66897.74555,370.8,916.26534
high_IV_WOI,Forest Service Wilderness Areas,Pemigewasset Wilderness,C (Max Max),204675,184207500,-19.91692,-7.655899,12.261021,-12.093543,1.290919,-2475245.979,18420.75,45518.59429
high_IV_WOI,Forest Service Wilderness Areas,Peru Peak Wilderness,C (Max Max),34953,31457700,-13.897709,-10.771362,3.126347,-11.014105,0.292511,-384976.0089,3145.77,7773.354959
high_IV_WOI,Forest Service Wilderness Areas,Peters Mountain Wilderness,C (Max Max),18362,16525800,-19.227798,-17.77796,1.449839,-18.564649,0.445557,-340884.0924,1652.58,4083.607809
high_IV_WOI,Forest Service Wilderness Areas,Porcupine Lake Wilderness,C (Max Max),18212,16390800,-17.167248,-11.861189,5.306059,-16.869255,0.766349,-307222.8724,1639.08,4050.248634
high_IV_WOI,Forest Service Wilderness Areas,Presidential Range-Dry River Wilderness,C (Max Max),121345,109210500,-20.350826,-7.850478,12.500348,-12.405529,2.205635,-1505348.975,10921.05,26986.4606
high_IV_WOI,Forest Service Wilderness Areas,Priest Wilderness,C (Max Max),26190,23571000,-17.667747,-8.608492,9.059256,-15.823034,3.293126,-414405.2639,2357.1,5824.511955
high_IV_WOI,Forest Service Wilderness Areas,Raccoon Branch Wilderness,C (Max Max),18966,17069400,-18.263557,-8.737453,9.526104,-17.650606,0.826904,-334761.4,1706.94,4217.934087
high_IV_WOI,Forest Service Wilderness Areas,Rainbow Lake Wilderness,C (Max Max),30465,27418500,-17.235085,-11.943845,5.29124,-17.123519,0.199579,-521668.0049,2741.85,6775.248443
high_IV_WOI,Forest Service Wilderness Areas,Ramseys Draft Wilderness,C (Max Max),29056,26150400,-18.690031,-15.541084,3.148947,-18.490308,0.181233,-537254.3967,2615.04,6461.894592
high_IV_WOI,Forest Service Wilderness Areas,Rich Hole Wilderness,C (Max Max),26467,23820300,-19.26783,-10.210317,9.057513,-18.87207,1.286743,-499487.0847,2382.03,5886.115232
high_IV_WOI,Forest Service Wilderness Areas,Roaring Plains West Wilderness,C (Max Max),28883,25994700,-17.596684,-7.954127,9.642556,-10.51734,2.749468,-303772.3255,2599.47,6423.420344
high_IV_WOI,Forest Service Wilderness Areas,Rock River Canyon Wilderness,C (Max Max),23291,20961900,-20.476469,-12.67035,7.806119,-18.596198,1.58757,-433124.0375,2096.19,5179.7903
high_IV_WOI,Forest Service Wilderness Areas,Rough Mountain Wilderness,C (Max Max),31500,28350000,-19.905123,-11.815552,8.089571,-19.795803,0.106576,-623567.8089,2835,7005.42675
high_IV_WOI,Forest Service Wilderness Areas,Saint Mary's Wilderness,C (Max Max),42316,38084400,-18.753042,-8.19567,10.557372,-17.549107,0.731007,-742608.0308,3808.44,9410.845662
high_IV_WOI,Forest Service Wilderness Areas,Sandwich Range Wilderness,C (Max Max),158091,142281900,-20.546131,-8.445915,12.100216,-12.679228,1.134025,-2004471.888,14228.19,35158.5689
high_IV_WOI,Forest Service Wilderness Areas,Shawvers Run Wilderness,C (Max Max),25907,23316300,-18.381231,-8.888733,9.492498,-17.754336,1.805581,-459961.5901,2331.63,5761.574312
high_IV_WOI,Forest Service Wilderness Areas,Spice Run Wilderness,C (Max Max),26885,24196500,-19.415924,-19.052517,0.363407,-19.084659,0.047813,-513091.0591,2419.65,5979.076133
high_IV_WOI,Forest Service Wilderness Areas,Stone Mountain Wilderness,C (Max Max),14357,12921300,-18.18626,-1.88006,16.3062,-16.652094,2.614546,-239074.1193,1292.13,3192.917837
high_IV_WOI,Forest Service Wilderness Areas,Sturgeon River Gorge Wilderness,C (Max Max),73597,66237300,-19.080286,-13.910823,5.169463,-18.790413,0.993751,-1382918.057,6623.73,16367.56802
high_IV_WOI,Forest Service Wilderness Areas,Sylvania Wilderness,C (Max Max),64084,57675600,-18.285669,-12.75427,5.5314,-15.047894,2.371542,-964329.2113,5767.56,14251.92914
high_IV_WOI,Forest Service Wilderness Areas,Three Ridges Wilderness,C (Max Max),19759,17783100,-17.523338,-7.637241,9.886097,-12.695862,3.905452,-250857.5304,1778.31,4394.292926
high_IV_WOI,Forest Service Wilderness Areas,Thunder Ridge Wilderness,C (Max Max),10586,9527400,-18.520599,-9.519284,9.001315,-13.869903,4.036553,-146826.7918,952.74,2354.268177
high_IV_WOI,Forest Service Wilderness Areas,Whisker Lake Wilderness,C (Max Max),30122,27109800,-14.275368,-13.964827,0.310541,-14.05374,0.069389,-423326.7577,2710.98,6698.967129
high_IV_WOI,Forest Service Wilderness Areas,Wild River Wilderness,C (Max Max),107124,96411600,-21.06374,-8.725271,12.338469,-14.428966,2.919548,-1545688.535,9641.16,23823.78842
high_IV_WOI,Forest Service Wilderness Areas,Allegheny Islands Wilderness,D (Min Max),1254,1128600,-3.664443,2.335557,6,-2.678193,2.054827,-3358.454552,112.86,278.882703
high_IV_WOI,Forest Service Wilderness Areas,Bald Knob Wilderness,D (Min Max),21834,19650600,-2.493233,3.70714,6.200373,2.063624,0.656797,45057.16311,1965.06,4855.761513
high_IV_WOI,Forest Service Wilderness Areas,Barbours Creek Wilderness,D (Min Max),19552,17596800,-4.719085,1.687226,6.406312,0.426846,1.086623,8345.69595,1759.68,4348.257264
high_IV_WOI,Forest Service Wilderness Areas,Bay Creek Wilderness,D (Min Max),11497,10347300,-2.668053,1.98312,4.651173,-1.054131,1.330426,-12119.34851,1034.73,2556.869567
high_IV_WOI,Forest Service Wilderness Areas,Beartown Wilderness,D (Min Max),25023,22520700,-4.730486,1.401256,6.131742,-0.52115,0.944573,-13040.72462,2252.07,5564.977574
high_IV_WOI,Forest Service Wilderness Areas,Beaver Creek Wilderness,D (Min Max),20126,18113400,-4.226658,2.042228,6.268886,0.403836,0.933431,8127.602288,1811.34,4475.911707
high_IV_WOI,Forest Service Wilderness Areas,Big Branch Wilderness,D (Min Max),30234,27210600,-0.192942,1.978638,2.171579,0.674982,0.599409,20407.39889,2721.06,6723.875313
high_IV_WOI,Forest Service Wilderness Areas,Big Draft Wilderness,D (Min Max),21973,19775700,-11.393378,0.28361,11.676989,-2.938592,1.395929,-64569.67346,1977.57,4886.674349
high_IV_WOI,Forest Service Wilderness Areas,Big Island Lake Wilderness,D (Min Max),20994,18894600,-1.523316,0.957589,2.480905,-0.058028,0.470524,-1218.241256,1889.46,4668.950133
high_IV_WOI,Forest Service Wilderness Areas,Blackjack Springs Wilderness,D (Min Max),24078,21670200,-1.393462,1.118193,2.511655,0.076235,0.458875,1835.575956,2167.02,5354.814771
high_IV_WOI,Forest Service Wilderness Areas,Boundary Waters Canoe Area Wilderness,D (Min Max),3574338,3216904200,-7.399462,1.431241,8.830703,-1.231227,0.773739,-4400822.307,321690.42,794913.1123
high_IV_WOI,Forest Service Wilderness Areas,Breadloaf Wilderness,D (Min Max),112231,101007900,-5.237807,1.90903,7.146837,0.744532,0.548053,83559.51747,10100.79,24959.55713
high_IV_WOI,Forest Service Wilderness Areas,Bristol Cliffs Wilderness,D (Min Max),16590,14931000,-5.192252,1.557748,6.75,0.389986,0.373417,6469.870333,1493.1,3689.524755
high_IV_WOI,Forest Service Wilderness Areas,Brush Mountain East Wilderness,D (Min Max),15051,13545900,-5.036259,1.763143,6.799402,-0.796636,1.321793,-11990.17376,1354.59,3347.25962
high_IV_WOI,Forest Service Wilderness Areas,Brush Mountain Wilderness,D (Min Max),19971,17973900,-10.283995,1.219184,11.503179,-1.209045,1.44794,-24145.84394,1797.39,4441.44056
high_IV_WOI,Forest Service Wilderness Areas,Burden Falls Wilderness,D (Min Max),14721,13248900,-2.698062,3.102917,5.800979,-0.269295,2.252607,-3964.285595,1324.89,3273.869435
high_IV_WOI,Forest Service Wilderness Areas,Caribou-Speckled Mountain Wilderness,D (Min Max),50346,45311400,-2.3445,-0.730142,1.614358,-1.684791,0.632271,-84822.4979,4531.14,11196.6735
high_IV_WOI,Forest Service Wilderness Areas,Charles C. Deam Wilderness,D (Min Max),54168,48751200,-0.737864,4.871437,5.609301,4.249286,1.079413,230175.3362,4875.12,12046.66528
high_IV_WOI,Forest Service Wilderness Areas,Clear Springs Wilderness,D (Min Max),18590,16731000,0.932868,1.895988,0.96312,1.217703,0.373159,22637.1014,1673.1,4134.313755
high_IV_WOI,Forest Service Wilderness Areas,Clifty Wilderness,D (Min Max),44134,39720600,2.49159,3.557102,1.065513,3.168796,0.342245,139851.6472,3972.06,9815.158863
high_IV_WOI,Forest Service Wilderness Areas,Cranberry Wilderness,D (Min Max),213699,192329100,-4.309706,2.558523,6.868229,1.647888,0.677111,352152.09,19232.91,47525.48226
high_IV_WOI,Forest Service Wilderness Areas,Delirium Wilderness,D (Min Max),44197,39777300,-0.148975,1.461396,1.610371,0.481194,0.250585,21267.32919,3977.73,9829.169717
high_IV_WOI,Forest Service Wilderness Areas,Dolly Sods Wilderness,D (Min Max),74093,66683700,-3.767435,4.043089,7.810524,2.304276,1.607395,170730.731,6668.37,16477.87569
high_IV_WOI,Forest Service Wilderness Areas,Garden Mountain Wilderness,D (Min Max),14948,13453200,-4.505189,2.045429,6.550619,-0.194728,1.766407,-2910.795689,1345.32,3324.352986
high_IV_WOI,Forest Service Wilderness Areas,Garden of the Gods Wilderness,D (Min Max),16121,14508900,-3.336784,3.211473,6.548257,-1.571576,1.220941,-25335.38106,1450.89,3585.221735
high_IV_WOI,Forest Service Wilderness Areas,George D. Aiken Wilderness,D (Min Max),21211,19089900,-4.655048,1.338807,5.993855,0.838814,0.180548,17792.09375,1908.99,4717.20974
high_IV_WOI,Forest Service Wilderness Areas,Glastenbury Wilderness,D (Min Max),100221,90198900,-4.718762,1.457566,6.176329,0.87142,0.345971,87334.58484,9019.89,22288.59918
high_IV_WOI,Forest Service Wilderness Areas,Great Gulf Wilderness,D (Min Max),18718,16846200,-0.81947,1.581075,2.400545,0.658227,0.816424,12320.69004,1684.62,4162.780251
high_IV_WOI,Forest Service Wilderness Areas,Headwaters Wilderness,D (Min Max),94429,84986100,-1.474502,0.958568,2.43307,-0.245088,0.587886,-23143.44073,8498.61,21000.49024
high_IV_WOI,Forest Service Wilderness Areas,Hickory Creek Wilderness,D (Min Max),38376,34538400,-3.613336,2.213025,5.826361,1.931933,0.251708,74139.87368,3453.84,8534.611332
high_IV_WOI,Forest Service Wilderness Areas,Horseshoe Bay Wilderness,D (Min Max),9957,8961300,-0.085911,1.56442,1.650331,1.515911,0.123034,15093.92456,896.13,2214.382037
high_IV_WOI,Forest Service Wilderness Areas,Hunting Camp Creek Wilderness,D (Min Max),38035,34231500,-5.954571,2.045429,8,0.540963,1.777362,20575.52524,3423.15,8458.774808
high_IV_WOI,Forest Service Wilderness Areas,James River Face Wilderness,D (Min Max),33400,30060000,-3.637119,1.14794,4.785059,-0.039722,1.008838,-1326.717409,3006,7427.9763
high_IV_WOI,Forest Service Wilderness Areas,Joseph Battell Wilderness,D (Min Max),55419,49877100,-5.267726,1.729623,6.997349,0.475438,0.491004,26348.31617,4987.71,12324.8808
high_IV_WOI,Forest Service Wilderness Areas,Kimberling Creek Wilderness,D (Min Max),26583,23924700,-4.898911,1.727524,6.626434,0.077844,1.752568,2069.33933,2392.47,5911.912994
high_IV_WOI,Forest Service Wilderness Areas,Laurel Fork North Wilderness,D (Min Max),27060,24354000,-3.537859,2.703069,6.240928,2.001569,0.773987,54162.45812,2435.4,6017.99517
high_IV_WOI,Forest Service Wilderness Areas,Laurel Fork South Wilderness,D (Min Max),25994,23394600,-3.757928,2.390839,6.148767,1.730705,1.061222,44987.94848,2339.46,5780.922633
high_IV_WOI,Forest Service Wilderness Areas,Lewis Fork Wilderness,D (Min Max),26672,24004800,-0.284636,2.462152,2.746787,0.548522,0.601944,14630.18448,2400.48,5931.706104
high_IV_WOI,Forest Service Wilderness Areas,Little Dry Run Wilderness,D (Min Max),12758,11482200,-6.200006,1.398101,7.598107,-1.366409,1.585277,-17432.65219,1148.22,2837.309031
high_IV_WOI,Forest Service Wilderness Areas,Little Wilson Creek Wilderness,D (Min Max),23793,21413700,-2.448449,2.246164,4.694613,0.006135,0.44826,145.972179,2141.37,5291.432339
high_IV_WOI,Forest Service Wilderness Areas,Lusk Creek Wilderness,D (Min Max),24856,22370400,-2.564747,3.568103,6.13285,-0.44431,1.669001,-11043.76003,2237.04,5527.837692
high_IV_WOI,Forest Service Wilderness Areas,Lye Brook Wilderness,D (Min Max),80981,72882900,-4.142316,2.613139,6.755455,1.475878,0.332123,119518.0522,7288.29,18009.729
high_IV_WOI,Forest Service Wilderness Areas,Mackinac Wilderness,D (Min Max),47500,42750000,-0.074327,1.537464,1.611791,0.32793,0.286244,15576.6661,4275,10563.73875
high_IV_WOI,Forest Service Wilderness Areas,McCormick Wilderness,D (Min Max),72136,64922400,0.186059,1.754494,1.568435,0.653265,0.364467,47123.95929,6492.24,16042.64965
high_IV_WOI,Forest Service Wilderness Areas,Mountain Lake Wilderness,D (Min Max),71755,64579500,-9.834339,1.790503,11.624842,-0.384667,1.726521,-27601.77523,6457.95,15957.91735
high_IV_WOI,Forest Service Wilderness Areas,Nordhouse Dunes Wilderness,D (Min Max),10035,9031500,-2.935866,3.915209,6.851075,0.996484,2.668971,9999.719865,903.15,2231.728808
high_IV_WOI,Forest Service Wilderness Areas,Otter Creek Wilderness,D (Min Max),92375,83137500,-4.401855,2.4559,6.857756,1.09365,1.288157,101025.9498,8313.75,20543.69194
high_IV_WOI,Forest Service Wilderness Areas,Panther Den Wilderness,D (Min Max),4120,3708000,1.235418,1.276793,0.041374,1.262683,0.019614,5202.254448,370.8,916.26534
high_IV_WOI,Forest Service Wilderness Areas,Pemigewasset Wilderness,D (Min Max),204675,184207500,-6.41692,1.643227,8.060147,0.664697,0.769042,136046.9271,18420.75,45518.59429
high_IV_WOI,Forest Service Wilderness Areas,Peru Peak Wilderness,D (Min Max),34953,31457700,-0.047709,1.978638,2.026347,0.539674,0.311138,18863.23636,3145.77,7773.354959
high_IV_WOI,Forest Service Wilderness Areas,Peters Mountain Wilderness,D (Min Max),18362,16525800,-7.641593,1.72204,9.363634,-0.978779,1.670319,-17972.33972,1652.58,4083.607809
high_IV_WOI,Forest Service Wilderness Areas,Porcupine Lake Wilderness,D (Min Max),18212,16390800,1.832753,3.388811,1.556058,2.521792,0.611871,45926.87803,1639.08,4050.248634
high_IV_WOI,Forest Service Wilderness Areas,Presidential Range-Dry River Wilderness,D (Min Max),121345,109210500,-1.350826,2.054294,3.40512,0.546704,1.064686,66339.78852,10921.05,26986.4606
high_IV_WOI,Forest Service Wilderness Areas,Priest Wilderness,D (Min Max),26190,23571000,-1.983717,2.303644,4.287361,1.276603,0.766074,33434.22587,2357.1,5824.511955
high_IV_WOI,Forest Service Wilderness Areas,Raccoon Branch Wilderness,D (Min Max),18966,17069400,-4.763556,2.012547,6.776103,-0.552075,1.450767,-10470.64702,1706.94,4217.934087
high_IV_WOI,Forest Service Wilderness Areas,Rainbow Lake Wilderness,D (Min Max),30465,27418500,1.514916,3.310139,1.795222,2.001805,0.641621,60984.99484,2741.85,6775.248443
high_IV_WOI,Forest Service Wilderness Areas,Ramseys Draft Wilderness,D (Min Max),29056,26150400,-5.190031,1.188535,6.378566,0.505984,0.620315,14701.85697,2615.04,6461.894592
high_IV_WOI,Forest Service Wilderness Areas,Rich Hole Wilderness,D (Min Max),26467,23820300,-5.767829,0.820479,6.588309,-0.747642,1.364013,-19787.83294,2382.03,5886.115232
high_IV_WOI,Forest Service Wilderness Areas,Roaring Plains West Wilderness,D (Min Max),28883,25994700,-3.719325,3.742934,7.462259,2.03256,0.552729,58706.42338,2599.47,6423.420344
high_IV_WOI,Forest Service Wilderness Areas,Rock River Canyon Wilderness,D (Min Max),23291,20961900,-2.976469,1.82965,4.806119,0.09043,1.271901,2106.200771,2096.19,5179.7903
high_IV_WOI,Forest Service Wilderness Areas,Rough Mountain Wilderness,D (Min Max),31500,28350000,-11.905123,0.759993,12.665116,-2.102406,1.810914,-66225.79871,2835,7005.42675
high_IV_WOI,Forest Service Wilderness Areas,Saint Mary's Wilderness,D (Min Max),42316,38084400,-5.253042,2.55433,7.807372,0.830867,1.352138,35158.95399,3808.44,9410.845662
high_IV_WOI,Forest Service Wilderness Areas,Sandwich Range Wilderness,D (Min Max),158091,142281900,-6.230095,0.804085,7.03418,-0.171357,0.728657,-27090.06994,14228.19,35158.5689
high_IV_WOI,Forest Service Wilderness Areas,Shawvers Run Wilderness,D (Min Max),25907,23316300,-4.881231,1.861267,6.742498,-1.03234,1.486366,-26744.84172,2331.63,5761.574312
high_IV_WOI,Forest Service Wilderness Areas,Spice Run Wilderness,D (Min Max),26885,24196500,-7.642972,0.447483,8.090455,-2.122803,1.766063,-57071.5651,2419.65,5979.076133
high_IV_WOI,Forest Service Wilderness Areas,Stone Mountain Wilderness,D (Min Max),14357,12921300,-0.68626,2.11994,2.8062,0.544273,0.914252,7814.121956,1292.13,3192.917837
high_IV_WOI,Forest Service Wilderness Areas,Sturgeon River Gorge Wilderness,D (Min Max),73597,66237300,-1.580287,0.689178,2.269464,-0.11383,0.214341,-8377.514695,6623.73,16367.56802
high_IV_WOI,Forest Service Wilderness Areas,Sylvania Wilderness,D (Min Max),64084,57675600,0.464331,1.74573,1.2814,1.024887,0.200954,65678.88776,5767.56,14251.92914
high_IV_WOI,Forest Service Wilderness Areas,Three Ridges Wilderness,D (Min Max),19759,17783100,-3.696356,3.112759,6.809114,1.872753,0.767791,37003.72302,1778.31,4394.292926
high_IV_WOI,Forest Service Wilderness Areas,Thunder Ridge Wilderness,D (Min Max),10586,9527400,-1.0206,1.230716,2.251316,0.304313,0.706496,3221.453127,952.74,2354.268177
high_IV_WOI,Forest Service Wilderness Areas,Whisker Lake Wilderness,D (Min Max),30122,27109800,-1.535707,0.535173,2.070881,-0.11186,0.247241,-3369.454605,2710.98,6698.967129
high_IV_WOI,Forest Service Wilderness Areas,Wild River Wilderness,D (Min Max),107124,96411600,-7.517189,0.546721,8.06391,-0.838099,0.967437,-89780.55506,9641.16,23823.78842
high_IV_WOI,States,Connecticut,A (Min Min),8770004,7893003600,-6.104808,9.191836,15.296644,4.707734,1.622605,41286845.62,789300.36,1950400.655
high_IV_WOI,States,Delaware,A (Min Min),784776,706298400,-8.414302,12.548046,20.962348,6.085443,2.701245,4775709.304,70629.84,174529.8661
high_IV_WOI,States,District of Columbia,A (Min Min),9917,8925300,-1.923783,11.87349,13.797274,10.73115,1.227507,106420.8188,892.53,2205.486257
high_IV_WOI,States,Illinois,A (Min Min),23482244,21134019600,-9.185637,17.168547,26.354183,3.859949,2.451403,90640263.41,2113401.96,5222321.913
high_IV_WOI,States,Indiana,A (Min Min),23211790,20890611000,-9.898009,15.387251,25.28526,5.932705,2.931068,137708698.3,2089061.1,5162174.431
high_IV_WOI,States,Iowa,A (Min Min),12057026,10851323400,-3.269954,16.135714,19.405667,5.29397,2.829718,63829531.33,1085132.34,2681416.269
high_IV_WOI,States,Kentucky,A (Min Min),58399751,52559775900,-5.840525,13.315256,19.155781,5.917334,1.340666,345570841.3,5255977.59,12987783.42
high_IV_WOI,States,Maine,A (Min Min),71830146,64647131400,-8.584938,6.051674,14.636612,1.124937,0.80957,80804406.64,6464713.14,15974629.4
high_IV_WOI,States,Maryland,A (Min Min),7148941,6434046900,-9.294502,12.760903,22.055406,5.967332,2.45396,42660107.47,643404.69,1589885.159
high_IV_WOI,States,Massachusetts,A (Min Min),13132443,11819198700,-10.173695,10.028503,20.202198,4.158728,1.736573,54614260.38,1181919.87,2920583.095
high_IV_WOI,States,Michigan,A (Min Min),85680175,77112157500,-11.423862,12.543377,23.967239,4.309413,2.166901,369231297.2,7711215.75,19054799.68
high_IV_WOI,States,Minnesota,A (Min Min),89125675,80213107500,-5.889696,15.95122,21.840916,3.347339,2.091953,298333819.1,8021310.75,19821059.93
high_IV_WOI,States,New Hampshire,A (Min Min),21460714,19314642600,-7.428177,5.120924,12.549101,2.417449,1.065504,51880189.63,1931464.26,4772744.76
high_IV_WOI,States,New Jersey,A (Min Min),7519605,6767644500,-8.98995,16.73884,25.72879,6.566359,2.187232,49376423.94,676764.45,1672318.794
high_IV_WOI,States,New York,A (Min Min),83956022,75560419800,-12.107453,16.929228,29.036681,4.199238,2.375826,352551295,7556041.98,18671357.53
high_IV_WOI,States,Ohio,A (Min Min),37130130,33417117000,-10.39351,16.484819,26.878329,5.796463,2.902734,215223426.9,3341711.7,8257536.696
high_IV_WOI,States,Pennsylvania,A (Min Min),67080298,60372268200,-10.553007,16.866894,27.419901,5.990252,1.971855,401827877.5,6037226.82,14918289.33
high_IV_WOI,States,Rhode Island,A (Min Min),1533590,1380231000,-9.666246,7.52032,17.186566,4.119172,2.020763,6317121.067,138023.1,341061.9813
high_IV_WOI,States,Vermont,A (Min Min),20518731,18466857900,-8.374248,5.910993,14.28524,3.446817,1.253847,70724311.08,1846685.79,4563252.921
high_IV_WOI,States,Virginia,A (Min Min),52748104,47473293600,-9.860243,10.980277,20.84052,4.144236,1.920848,218600602.4,4747329.36,11730888.22
high_IV_WOI,States,West Virginia,A (Min Min),52552906,47297615400,-6.350654,8.499766,14.85042,4.710817,1.653206,247567098.2,4729761.54,11687477.25
high_IV_WOI,States,Wisconsin,A (Min Min),74736646,67262981400,-11.190532,12.703326,23.893858,5.005902,2.036295,374124334.5,6726298.14,16621019.02
high_IV_WOI,States,Connecticut,B (Max Min),8770004,7893003600,-12.104808,9.058647,21.163455,-10.158389,0.794475,-89089113.28,789300.36,1950400.655
high_IV_WOI,States,Delaware,B (Max Min),784776,706298400,-12.414302,8.548046,20.962348,-7.343669,1.299233,-5763135.19,70629.84,174529.8661
high_IV_WOI,States,District of Columbia,B (Max Min),9917,8925300,-5.923783,5.840816,11.7646,-4.559764,0.613006,-45219.1812,892.53,2205.486257
high_IV_WOI,States,Illinois,B (Max Min),23482244,21134019600,-11.108379,10.746876,21.855255,-6.778222,1.559495,-159167860.1,2113401.96,5222321.913
high_IV_WOI,States,Indiana,B (Max Min),23211790,20890611000,-9.898009,11.310926,21.208936,-6.907318,0.882311,-160331220.2,2089061.1,5162174.431
high_IV_WOI,States,Iowa,B (Max Min),12057026,10851323400,-7.260365,7.853443,15.113809,-2.842878,2.143996,-34276651.17,1085132.34,2681416.269
high_IV_WOI,States,Kentucky,B (Max Min),58399751,52559775900,-11.214617,13.315256,24.529873,-8.873329,1.467541,-518200197,5255977.59,12987783.42
high_IV_WOI,States,Maine,B (Max Min),71830146,64647131400,-15.871856,5.985386,21.857242,-12.598226,2.259915,-904932422.2,6464713.14,15974629.4
high_IV_WOI,States,Maryland,B (Max Min),7148941,6434046900,-13.323416,9.256137,22.579553,-8.539195,1.629578,-61046199.55,643404.69,1589885.159
high_IV_WOI,States,Massachusetts,B (Max Min),13132443,11819198700,-14.394049,8.19722,22.591269,-10.624967,1.02293,-139531778.7,1181919.87,2920583.095
high_IV_WOI,States,Michigan,B (Max Min),85680175,77112157500,-13.137829,9.231657,22.369486,-6.896863,2.801991,-590924403,7711215.75,19054799.68
high_IV_WOI,States,Minnesota,B (Max Min),89125675,80213107500,-11.540947,12.751707,24.292654,-6.828497,2.753604,-608594442.7,8021310.75,19821059.93
high_IV_WOI,States,New Hampshire,B (Max Min),21460714,19314642600,-14.928177,4.239707,19.167884,-11.284254,2.837062,-242168145.5,1931464.26,4772744.76
high_IV_WOI,States,New Jersey,B (Max Min),7519605,6767644500,-12.98995,16.698267,29.688217,-8.172178,1.137469,-61451550.31,676764.45,1672318.794
high_IV_WOI,States,New York,B (Max Min),83956022,75560419800,-14.394777,15.924562,30.31934,-9.499687,2.38103,-797555968,7556041.98,18671357.53
high_IV_WOI,States,Ohio,B (Max Min),37130130,33417117000,-10.957607,14.507954,25.465561,-8.028857,1.240296,-298112512.4,3341711.7,8257536.696
high_IV_WOI,States,Pennsylvania,B (Max Min),67080298,60372268200,-11.154261,8.059337,19.213597,-8.670242,1.419307,-581602439.2,6037226.82,14918289.33
high_IV_WOI,States,Rhode Island,B (Max Min),1533590,1380231000,-13.848731,6.102602,19.951333,-10.461966,0.990277,-16044366.44,138023.1,341061.9813
high_IV_WOI,States,Vermont,B (Max Min),20518731,18466857900,-14.313438,4.028172,18.34161,-9.695641,3.392535,-198942253,1846685.79,4563252.921
high_IV_WOI,States,Virginia,B (Max Min),52748104,47473293600,-13.415712,6.895201,20.310913,-10.065915,1.825241,-530957927,4747329.36,11730888.22
high_IV_WOI,States,West Virginia,B (Max Min),52552906,47297615400,-12.350655,4.982882,17.333537,-8.980682,2.657186,-471960927.5,4729761.54,11687477.25
high_IV_WOI,States,Wisconsin,B (Max Min),74736646,67262981400,-12.650437,9.90227,22.552708,-8.508463,1.816444,-635893966.5,6726298.14,16621019.02
high_IV_WOI,States,Connecticut,C (Max Max),8770004,7893003600,-19.604809,2.058647,21.663456,-17.658132,0.798363,-154861888.5,789300.36,1950400.655
high_IV_WOI,States,Delaware,C (Max Max),784776,706298400,-19.914303,3.363677,23.27798,-14.843637,1.299521,-11648930.19,70629.84,174529.8661
high_IV_WOI,States,District of Columbia,C (Max Max),9917,8925300,-13.423783,0.340816,13.7646,-12.059361,0.620461,-119592.6812,892.53,2205.486257
high_IV_WOI,States,Illinois,C (Max Max),23482244,21134019600,-18.608379,5.230423,23.838802,-14.685405,2.234936,-344846268.3,2113401.96,5222321.913
high_IV_WOI,States,Indiana,C (Max Max),23211790,20890611000,-17.39801,7.701484,25.099494,-14.489851,0.963744,-336335375.7,2089061.1,5162174.431
high_IV_WOI,States,Iowa,C (Max Max),12057026,10851323400,-16.010365,5.853443,21.863808,-8.731842,4.24274,-105280052,1085132.34,2681416.269
high_IV_WOI,States,Kentucky,C (Max Max),58399751,52559775900,-18.714617,9.565256,28.279873,-16.319029,1.795132,-953027249.3,5255977.59,12987783.42
high_IV_WOI,States,Maine,C (Max Max),71830146,64647131400,-23.371857,-1.014614,22.357243,-19.788095,2.756001,-1421381721,6464713.14,15974629.4
high_IV_WOI,States,Maryland,C (Max Max),7148941,6434046900,-20.823416,5.756137,26.579553,-16.040766,1.69278,-114674487,643404.69,1589885.159
high_IV_WOI,States,Massachusetts,C (Max Max),13132443,11819198700,-21.894049,1.19722,23.091269,-18.121623,1.041639,-237981177,1181919.87,2920583.095
high_IV_WOI,States,Michigan,C (Max Max),85680175,77112157500,-20.646206,6.829007,27.475213,-14.183147,3.081802,-1215214505,7711215.75,19054799.68
high_IV_WOI,States,Minnesota,C (Max Max),89125675,80213107500,-20.290947,10.751707,31.042654,-13.179677,3.035854,-1174647640,8021310.75,19821059.93
high_IV_WOI,States,New Hampshire,C (Max Max),21460714,19314642600,-22.428177,0.464644,22.892821,-18.690741,3.023479,-401116638.9,1931464.26,4772744.76
high_IV_WOI,States,New Jersey,C (Max Max),7519605,6767644500,-20.48995,9.698267,30.188217,-15.671796,1.140981,-117845711.9,676764.45,1672318.794
high_IV_WOI,States,New York,C (Max Max),83956022,75560419800,-21.894777,8.924562,30.81934,-16.893819,2.697607,-1418337827,7556041.98,18671357.53
high_IV_WOI,States,Ohio,C (Max Max),37130130,33417117000,-18.457607,10.507954,28.965561,-15.527644,1.248031,-576543441.4,3341711.7,8257536.696
high_IV_WOI,States,Pennsylvania,C (Max Max),67080298,60372268200,-18.654261,6.059337,24.713597,-16.196427,1.490195,-1086461125,6037226.82,14918289.33
high_IV_WOI,States,Rhode Island,C (Max Max),1533590,1380231000,-21.348732,-0.897398,20.451334,-17.961184,0.999935,-27545091.45,138023.1,341061.9813
high_IV_WOI,States,Vermont,C (Max Max),20518731,18466857900,-21.813438,-2.971828,18.84161,-17.053896,3.735175,-349924309.3,1846685.79,4563252.921
high_IV_WOI,States,Virginia,C (Max Max),52748104,47473293600,-20.915712,3.395201,24.310913,-17.451459,2.396173,-920531360,4747329.36,11730888.22
high_IV_WOI,States,West Virginia,C (Max Max),52552906,47297615400,-19.850655,1.232882,21.083537,-16.24154,3.302708,-853540144.3,4729761.54,11687477.25
high_IV_WOI,States,Wisconsin,C (Max Max),74736646,67262981400,-20.150436,7.90227,28.052707,-15.969745,2.158278,-1193525171,6726298.14,16621019.02
high_IV_WOI,States,Connecticut,D (Min Max),8770004,7893003600,-11.604808,5.9896,17.594408,0.644018,2.095855,5648043.369,789300.36,1950400.655
high_IV_WOI,States,Delaware,D (Min Max),784776,706298400,-11.914302,8.798046,20.712348,0.921444,3.020914,723126.8041,70629.84,174529.8661
high_IV_WOI,States,District of Columbia,D (Min Max),9917,8925300,-5.423783,8.35927,13.783053,6.833223,1.452036,67765.0688,892.53,2205.486257
high_IV_WOI,States,Illinois,D (Min Max),23482244,21134019600,-16.685637,13.168547,29.854183,-1.508551,2.83288,-35424155.19,2113401.96,5222321.913
high_IV_WOI,States,Indiana,D (Min Max),23211790,20890611000,-17.39801,11.387251,28.785261,1.192574,3.527685,27681769.83,2089061.1,5162174.431
high_IV_WOI,States,Iowa,D (Min Max),12057026,10851323400,-8.010365,12.135714,20.146079,-0.084157,2.996661,-1014680.669,1085132.34,2681416.269
high_IV_WOI,States,Kentucky,D (Min Max),58399751,52559775900,-9.598499,9.806259,19.404758,1.124939,1.679,65696175.28,5255977.59,12987783.42
high_IV_WOI,States,Maine,D (Min Max),71830146,64647131400,-16.434938,3.301674,19.736612,-2.319121,1.059949,-166582809.8,6464713.14,15974629.4
high_IV_WOI,States,Maryland,D (Min Max),7148941,6434046900,-12.794502,9.010903,21.805406,1.095007,2.533083,7828139.718,643404.69,1589885.159
high_IV_WOI,States,Massachusetts,D (Min Max),13132443,11819198700,-13.673695,6.528503,20.202198,0.099637,2.188196,1308480.58,1181919.87,2920583.095
high_IV_WOI,States,Michigan,D (Min Max),85680175,77112157500,-20.173862,9.638997,29.81286,0.342613,2.419215,29355112.71,7711215.75,19054799.68
high_IV_WOI,States,Minnesota,D (Min Max),89125675,80213107500,-11.083746,11.95122,23.034966,-0.397025,2.04252,-35385136.39,8021310.75,19821059.93
high_IV_WOI,States,New Hampshire,D (Min Max),21460714,19314642600,-12.5569,2.054294,14.611194,-1.353807,1.276701,-29053663.63,1931464.26,4772744.76
high_IV_WOI,States,New Jersey,D (Min Max),7519605,6767644500,-12.48995,13.233681,25.723631,1.989978,2.306588,14963851.19,676764.45,1672318.794
high_IV_WOI,States,New York,D (Min Max),83956022,75560419800,-20.185196,13.429228,33.614424,0.52055,2.387682,43703265.96,7556041.98,18671357.53
high_IV_WOI,States,Ohio,D (Min Max),37130130,33417117000,-18.457607,12.484819,30.942427,1.653657,3.256771,61400481.39,3341711.7,8257536.696
high_IV_WOI,States,Pennsylvania,D (Min Max),67080298,60372268200,-18.053007,13.366894,31.419901,1.938114,2.061571,130009249.8,6037226.82,14918289.33
high_IV_WOI,States,Rhode Island,D (Min Max),1533590,1380231000,-13.166246,4.02032,17.186566,0.240786,2.53661,369267.3175,138023.1,341061.9813
high_IV_WOI,States,Vermont,D (Min Max),20518731,18466857900,-13.539803,3.160993,16.700795,-0.263394,1.250535,-5404501.425,1846685.79,4563252.921
high_IV_WOI,States,Virginia,D (Min Max),52748104,47473293600,-17.360243,7.480277,24.84052,-0.76158,2.074362,-40171889.64,4747329.36,11730888.22
high_IV_WOI,States,West Virginia,D (Min Max),52552906,47297615400,-11.850655,4.999766,16.850421,0.029678,2.038921,1559661.909,4729761.54,11687477.25
high_IV_WOI,States,Wisconsin,D (Min Max),74736646,67262981400,-19.940533,9.94173,29.882263,0.91421,2.411691,68324955.74,6726298.14,16621019.02
