﻿ANALYSIS,Region,Region_Name,CL_Category,COUNT,AREA_M2,MIN,MAX,RANGE,MEAN,STD,SUM,AREA_HA,AREA_ACRES
high_IV_WOI,Class I Areas,Acadia NP,A (Min Min),139533,125579700,3,7,4,3.165045,0.62897,441628.2008,12557.97,31031.37177
high_IV_WOI,Class I Areas,Boundary Waters Canoe Area Wilderness,A (Min Min),3622459,3260213100,3,7,4,3.445151,0.941265,12479918.5,326021.31,805614.9581
high_IV_WOI,Class I Areas,Brigantine Wilderness,A (Min Min),4,3600,14.5,14.5,0,14.5,0,58,0.36,0.889578
high_IV_WOI,Class I Areas,Dolly Sods Wilderness,A (Min Min),45918,41326200,3,7,4,3.164641,0.794644,145314,4132.62,10211.91065
high_IV_WOI,Class I Areas,Great Gulf Wilderness,A (Min Min),19050,17145000,3,3,0,3,0,57150,1714.5,4236.615225
high_IV_WOI,Class I Areas,Isle Royale NP,A (Min Min),566547,509892300,3,8.5,5.5,3.763912,1.198156,2132433.202,50989.23,125996.9368
high_IV_WOI,Class I Areas,James River Face Wilderness,A (Min Min),33444,30099600,3,6.75,3.75,3.013007,0.220469,100767,3009.96,7437.761658
high_IV_WOI,Class I Areas,Lye Brook Wilderness,A (Min Min),70912,63820800,3,7,4,3.024453,0.223859,214470,6382.08,15770.43878
high_IV_WOI,Class I Areas,Mammoth Cave NP,A (Min Min),213977,192579300,3,7,4,3.774958,1.5264,807754.25,19257.93,47587.30793
high_IV_WOI,Class I Areas,Moosehorn Wilderness BAR,A (Min Min),11168,10051200,3,3,0,3,0,33504,1005.12,2483.701776
high_IV_WOI,Class I Areas,Moosehorn Wilderness EDM,A (Min Min),9694,8724600,3,3,0,3,0,29082,872.46,2155.892283
high_IV_WOI,Class I Areas,Otter Creek Wilderness,A (Min Min),89187,80268300,3,7,4,3.160875,0.785889,281909,8026.83,19834.69827
high_IV_WOI,Class I Areas,Presidential Range-Dry River Wilderness,A (Min Min),122652,110386800,3,3,0,3,0,367956,11038.68,27277.13021
high_IV_WOI,Class I Areas,Rainbow Lake Wilderness,A (Min Min),30285,27256500,3,3,0,3,0,90855,2725.65,6735.217433
high_IV_WOI,Class I Areas,Seney Wilderness,A (Min Min),74128,66715200,3,5.4,2.4,3.789774,1.126885,280928.4023,6671.52,16485.6595
high_IV_WOI,Class I Areas,Shenandoah NP,A (Min Min),795029,715526100,3,12.5,9.5,3.330222,1.100613,2647622.75,71552.61,176810.0769
high_IV_WOI,Class I Areas,Voyageurs NP,A (Min Min),538232,484408800,3,9,6,3.631414,1.142497,1954543.25,48440.88,119699.8365
high_IV_WOI,Class I Areas,Acadia NP,B (Max Min),139533,125579700,3,18.5,15.5,16.398639,4.004816,2288151.351,12557.97,31031.37177
high_IV_WOI,Class I Areas,Boundary Waters Canoe Area Wilderness,B (Max Min),3622459,3260213100,5,15.3,10.3,15.177889,0.56004,54981281.65,326021.31,805614.9581
high_IV_WOI,Class I Areas,Brigantine Wilderness,B (Max Min),4,3600,18.5,18.5,0,18.5,0,74,0.36,0.889578
high_IV_WOI,Class I Areas,Dolly Sods Wilderness,B (Max Min),45918,41326200,11,18.5,7.5,13.585212,2.584621,623805.75,4132.62,10211.91065
high_IV_WOI,Class I Areas,Great Gulf Wilderness,B (Max Min),19050,17145000,11,14,3,11.044409,0.318022,210396,1714.5,4236.615225
high_IV_WOI,Class I Areas,Isle Royale NP,B (Max Min),566547,509892300,5,11,6,10.545415,1.242054,5974473.001,50989.23,125996.9368
high_IV_WOI,Class I Areas,James River Face Wilderness,B (Max Min),33444,30099600,11,18.5,7.5,18.134658,1.146067,606495.5,3009.96,7437.761658
high_IV_WOI,Class I Areas,Lye Brook Wilderness,B (Max Min),70912,63820800,11,18.5,7.5,11.644468,2.100313,825732.5,6382.08,15770.43878
high_IV_WOI,Class I Areas,Mammoth Cave NP,B (Max Min),213977,192579300,6.75,18.5,11.75,16.37714,4.520738,3504331.25,19257.93,47587.30793
high_IV_WOI,Class I Areas,Moosehorn Wilderness BAR,B (Max Min),11168,10051200,15,18.5,3.5,18.473361,0.30418,206310.5,1005.12,2483.701776
high_IV_WOI,Class I Areas,Moosehorn Wilderness EDM,B (Max Min),9694,8724600,9,17.25,8.25,17.194682,0.472789,166685.25,872.46,2155.892283
high_IV_WOI,Class I Areas,Otter Creek Wilderness,B (Max Min),89187,80268300,11,18.5,7.5,13.237277,3.388581,1180593,8026.83,19834.69827
high_IV_WOI,Class I Areas,Presidential Range-Dry River Wilderness,B (Max Min),122652,110386800,9,18.5,9.5,11.944016,1.987582,1464957.5,11038.68,27277.13021
high_IV_WOI,Class I Areas,Rainbow Lake Wilderness,B (Max Min),30285,27256500,15,18.5,3.5,18.495493,0.125518,560136,2725.65,6735.217433
high_IV_WOI,Class I Areas,Seney Wilderness,B (Max Min),74128,66715200,9,11,2,10.341086,0.940032,766564,6671.52,16485.6595
high_IV_WOI,Class I Areas,Shenandoah NP,B (Max Min),795029,715526100,11,18.5,7.5,16.786294,3.033427,13345590.25,71552.61,176810.0769
high_IV_WOI,Class I Areas,Voyageurs NP,B (Max Min),538232,484408800,9,15.3,6.3,15.198101,0.352227,8180104.33,48440.88,119699.8365
high_IV_WOI,Class I Areas,Acadia NP,C (Max Max),139533,125579700,10,26,16,23.843562,4.123959,3326963.75,12557.97,31031.37177
high_IV_WOI,Class I Areas,Boundary Waters Canoe Area Wilderness,C (Max Max),3622459,3260213100,7,21.1,14.1,21.056181,0.445988,76275151.36,326021.31,805614.9581
high_IV_WOI,Class I Areas,Brigantine Wilderness,C (Max Max),4,3600,26,26,0,26,0,104,0.36,0.889578
high_IV_WOI,Class I Areas,Dolly Sods Wilderness,C (Max Max),45918,41326200,17.25,26,8.75,19.867056,2.904234,912255.5,4132.62,10211.91065
high_IV_WOI,Class I Areas,Great Gulf Wilderness,C (Max Max),19050,17145000,18.5,21.1,2.6,18.546404,0.344235,353309.0001,1714.5,4236.615225
high_IV_WOI,Class I Areas,Isle Royale NP,C (Max Max),566547,509892300,7,18.5,11.5,17.797943,1.825628,10083371.05,50989.23,125996.9368
high_IV_WOI,Class I Areas,James River Face Wilderness,C (Max Max),33444,30099600,17.25,26,8.75,25.356716,2.190881,848030,3009.96,7437.761658
high_IV_WOI,Class I Areas,Lye Brook Wilderness,C (Max Max),70912,63820800,18.5,26,7.5,19.142945,2.099692,1357464.5,6382.08,15770.43878
high_IV_WOI,Class I Areas,Mammoth Cave NP,C (Max Max),213977,192579300,10.5,26,15.5,23.199631,5.963527,4964187.5,19257.93,47587.30793
high_IV_WOI,Class I Areas,Moosehorn Wilderness BAR,C (Max Max),11168,10051200,21,26,5,25.961945,0.434543,289943,1005.12,2483.701776
high_IV_WOI,Class I Areas,Moosehorn Wilderness EDM,C (Max Max),9694,8724600,15,26,11,25.892201,0.814579,250999,872.46,2155.892283
high_IV_WOI,Class I Areas,Otter Creek Wilderness,C (Max Max),89187,80268300,17.25,26,8.75,20.403893,3.606152,1819762,8026.83,19834.69827
high_IV_WOI,Class I Areas,Presidential Range-Dry River Wilderness,C (Max Max),122652,110386800,15,26,11,19.144488,1.871967,2348109.703,11038.68,27277.13021
high_IV_WOI,Class I Areas,Rainbow Lake Wilderness,C (Max Max),30285,27256500,21,26,5,25.993561,0.179312,787215,2725.65,6735.217433
high_IV_WOI,Class I Areas,Seney Wilderness,C (Max Max),74128,66715200,15,18.5,3.5,17.3469,1.645056,1285891,6671.52,16485.6595
high_IV_WOI,Class I Areas,Shenandoah NP,C (Max Max),795029,715526100,17.25,26,8.75,24.106812,3.431574,19165615,71552.61,176810.0769
high_IV_WOI,Class I Areas,Voyageurs NP,C (Max Max),538232,484408800,15,21.1,6.1,21.090444,0.162418,11351552.1,48440.88,119699.8365
high_IV_WOI,Class I Areas,Acadia NP,D (Min Max),139533,125579700,5.75,13.25,7.5,6.500933,1.850751,907094.75,12557.97,31031.37177
high_IV_WOI,Class I Areas,Boundary Waters Canoe Area Wilderness,D (Min Max),3622459,3260213100,5.75,12.5,6.75,7.064277,0.503248,25590053.75,326021.31,805614.9581
high_IV_WOI,Class I Areas,Brigantine Wilderness,D (Min Max),4,3600,18,18,0,18,0,72,0.36,0.889578
high_IV_WOI,Class I Areas,Dolly Sods Wilderness,D (Min Max),45918,41326200,5.75,12.5,6.75,7.152413,1.163975,328424.5,4132.62,10211.91065
high_IV_WOI,Class I Areas,Great Gulf Wilderness,D (Min Max),19050,17145000,5.75,7,1.25,5.980052,0.484398,113920,1714.5,4236.615225
high_IV_WOI,Class I Areas,Isle Royale NP,D (Min Max),566547,509892300,5.75,17.25,11.5,6.885701,1.908224,3901073.25,50989.23,125996.9368
high_IV_WOI,Class I Areas,James River Face Wilderness,D (Min Max),33444,30099600,6.5,10.5,4,7.257886,0.95001,242732.75,3009.96,7437.761658
high_IV_WOI,Class I Areas,Lye Brook Wilderness,D (Min Max),70912,63820800,5.75,12.5,6.75,6.938727,0.293464,492039,6382.08,15770.43878
high_IV_WOI,Class I Areas,Mammoth Cave NP,D (Min Max),213977,192579300,7,12.5,5.5,8.463622,1.36158,1811020.5,19257.93,47587.30793
high_IV_WOI,Class I Areas,Moosehorn Wilderness BAR,D (Min Max),11168,10051200,5.75,7,1.25,5.763207,0.127808,64363.5,1005.12,2483.701776
high_IV_WOI,Class I Areas,Moosehorn Wilderness EDM,D (Min Max),9694,8724600,5.75,7,1.25,5.750129,0.012695,55741.75,872.46,2155.892283
high_IV_WOI,Class I Areas,Otter Creek Wilderness,D (Min Max),89187,80268300,6.5,12.5,6,7.547692,1.186934,673156,8026.83,19834.69827
high_IV_WOI,Class I Areas,Presidential Range-Dry River Wilderness,D (Min Max),122652,110386800,5.75,7,1.25,6.174453,0.591214,757309,11038.68,27277.13021
high_IV_WOI,Class I Areas,Rainbow Lake Wilderness,D (Min Max),30285,27256500,5.75,9,3.25,6.869028,0.617484,208028.5,2725.65,6735.217433
high_IV_WOI,Class I Areas,Seney Wilderness,D (Min Max),74128,66715200,6.5,8.5,2,7.61386,0.637033,564400.25,6671.52,16485.6595
high_IV_WOI,Class I Areas,Shenandoah NP,D (Min Max),795029,715526100,6.5,18,11.5,7.547086,1.32903,6000152.25,71552.61,176810.0769
high_IV_WOI,Class I Areas,Voyageurs NP,D (Min Max),538232,484408800,6.5,15,8.5,7.231689,0.696173,3892326.25,48440.88,119699.8365
high_IV_WOI,Ecoregions Combined,All Ecoregions,A (Min Min),510818363,459736526700,3,18.5,15.5,3.710858,1.814919,1895574416,45973652.67,113603194.4
high_IV_WOI,Ecoregions Combined,All Ecoregions,B (Max Min),510818363,459736526700,3,18.5,15.5,16.500136,2.749673,8428572634,45973652.67,113603194.4
high_IV_WOI,Ecoregions Combined,All Ecoregions,C (Max Max),510818363,459736526700,5.75,26,20.25,23.708606,3.199619,12110791285,45973652.67,113603194.4
high_IV_WOI,Ecoregions Combined,All Ecoregions,D (Min Max),510818363,459736526700,5.75,26,20.25,7.529929,2.180787,3846425932,45973652.67,113603194.4
high_IV_WOI,Ecoregions Level 2,Atlantic Highlands,A (Min Min),143225622,128903059800,3,12.5,9.5,3.279079,0.866349,469648176.8,12890305.98,31852590.59
high_IV_WOI,Ecoregions Level 2,Mixed Wood Plains,A (Min Min),187888865,169099978500,3,18.5,15.5,4.318826,2.613903,811459388.6,16909997.85,41785450.19
high_IV_WOI,Ecoregions Level 2,Mixed Wood Shield,A (Min Min),179703876,161733488400,3,17.25,14.25,3.41933,1.00063,614466851,16173348.84,39965153.65
high_IV_WOI,Ecoregions Level 2,ATLANTIC HIGHLANDS,B (Max Min),143225622,128903059800,3,18.5,15.5,16.640991,2.538097,2383416273,12890305.98,31852590.59
high_IV_WOI,Ecoregions Level 2,MIXED WOOD PLAINS,B (Max Min),187888865,169099978500,3,18.5,15.5,17.879333,1.774198,3359327673,16909997.85,41785450.19
high_IV_WOI,Ecoregions Level 2,MIXED WOOD SHIELD,B (Max Min),179703876,161733488400,3,18.5,15.5,14.945858,2.940386,2685828687,16173348.84,39965153.65
high_IV_WOI,Ecoregions Level 2,ATLANTIC HIGHLANDS,C (Max Max),143225622,128903059800,6.5,26,19.5,23.88811,2.947671,3421389350,12890305.98,31852590.59
high_IV_WOI,Ecoregions Level 2,MIXED WOOD PLAINS,C (Max Max),187888865,169099978500,5.75,26,20.25,25.323612,2.239994,4758024746,16909997.85,41785450.19
high_IV_WOI,Ecoregions Level 2,MIXED WOOD SHIELD,C (Max Max),179703876,161733488400,5.75,26,20.25,21.876975,3.289698,3931377189,16173348.84,39965153.65
high_IV_WOI,Ecoregions Level 2,ATLANTIC HIGHLANDS,D (Min Max),143225622,128903059800,5.75,18,12.25,6.864949,1.00575,983236543,12890305.98,31852590.59
high_IV_WOI,Ecoregions Level 2,MIXED WOOD PLAINS,D (Min Max),187888865,169099978500,5.75,26,20.25,8.363768,3.183471,1571458864,16909997.85,41785450.19
high_IV_WOI,Ecoregions Level 2,MIXED WOOD SHIELD,D (Min Max),179703876,161733488400,5.75,26,20.25,7.188106,0.959268,1291730525,16173348.84,39965153.65
high_IV_WOI,Ecoregions Level 3,Acadian Plains and Hills,A (Min Min),37305560,33575004000,3,13.25,10.25,3.135764,0.565119,116981426,3357500.4,8296551.363
high_IV_WOI,Ecoregions Level 3,Driftless Area,A (Min Min),16511497,14860347300,3,12.5,9.5,6.64841,2.696253,109775199,1486034.73,3672066.12
high_IV_WOI,Ecoregions Level 3,Eastern Great Lakes Lowlands,A (Min Min),17524170,15771753000,3,18.5,15.5,4.466061,3.006394,78264009.25,1577175.3,3897279.025
high_IV_WOI,Ecoregions Level 3,Erie Drift Plain,A (Min Min),14027349,12624614100,3,12.5,9.5,4.376268,2.795968,61387432.25,1262461.41,3119605.267
high_IV_WOI,Ecoregions Level 3,North Central Appalachians,A (Min Min),25914774,23323296600,3,12.5,9.5,3.205044,0.890532,83057988,2332329.66,5763303.206
high_IV_WOI,Ecoregions Level 3,North Central Hardwood Forests,A (Min Min),32823906,29541515400,3,17.25,14.25,4.260564,2.282836,139848344.8,2954151.54,7299856.163
high_IV_WOI,Ecoregions Level 3,Northeastern Coastal Zone,A (Min Min),23890407,21501366300,3,14.5,11.5,3.938806,2.095557,94099679.8,2150136.63,5313095.12
high_IV_WOI,Ecoregions Level 3,Northern Allegheny Plateau,A (Min Min),30982814,27884532600,3,12.5,9.5,3.227875,1.00767,100008644,2788453.26,6890407.428
high_IV_WOI,Ecoregions Level 3,Northern Appalachian and Atlantic Maritime Highlands,A (Min Min),117310848,105579763200,3,12.5,9.5,3.295434,0.860056,386590188.8,10557976.32,26089287.39
high_IV_WOI,Ecoregions Level 3,Northern Lakes and Forests,A (Min Min),161638497,145474647300,3,17.25,14.25,3.358237,0.928382,542820343.3,14547464.73,35947512.72
high_IV_WOI,Ecoregions Level 3,Northern Minnesota Wetlands,A (Min Min),18065379,16258841100,3,11,8,3.965957,1.384213,71646507.65,1625884.11,4017640.93
high_IV_WOI,Ecoregions Level 3,Southern Michigan/Northern Indiana Drift Plains,A (Min Min),14823162,13340845800,3,18.5,15.5,7.494666,4.058289,111094653.5,1334084.58,3296589.701
high_IV_WOI,Ecoregions Level 3,Acadian Plains and Hills,B (Max Min),37305560,33575004000,3,18.5,15.5,17.79303,1.991642,663778931.8,3357500.4,8296551.363
high_IV_WOI,Ecoregions Level 3,Driftless Area,B (Max Min),16511497,14860347300,5,18.5,13.5,17.745834,0.730889,293010291.1,1486034.73,3672066.12
high_IV_WOI,Ecoregions Level 3,Eastern Great Lakes Lowlands,B (Max Min),17524170,15771753000,3,18.5,15.5,18.181613,1.369786,318617670.3,1577175.3,3897279.025
high_IV_WOI,Ecoregions Level 3,Erie Drift Plain,B (Max Min),14027349,12624614100,5,18.5,13.5,18.499796,0.041738,259503101.5,1262461.41,3119605.267
high_IV_WOI,Ecoregions Level 3,North Central Appalachians,B (Max Min),25914774,23323296600,5,18.5,13.5,18.337822,0.718067,475220511.4,2332329.66,5763303.206
high_IV_WOI,Ecoregions Level 3,North Central Hardwood Forests,B (Max Min),32823906,29541515400,3,18.5,15.5,16.541527,2.887457,542957531.2,2954151.54,7299856.163
high_IV_WOI,Ecoregions Level 3,Northeastern Coastal Zone,B (Max Min),23890407,21501366300,3,18.5,15.5,18.490317,0.370368,441741193.7,2150136.63,5313095.12
high_IV_WOI,Ecoregions Level 3,Northern Allegheny Plateau,B (Max Min),30982814,27884532600,5,18.5,13.5,18.312474,0.918874,567371990.4,2788453.26,6890407.428
high_IV_WOI,Ecoregions Level 3,Northern Appalachian and Atlantic Maritime Highlands,B (Max Min),117310848,105579763200,3,18.5,15.5,16.266149,2.640937,1908195762,10557976.32,26089287.39
high_IV_WOI,Ecoregions Level 3,Northern Lakes and Forests,B (Max Min),161638497,145474647300,3,18.5,15.5,15.170081,2.916921,2452069071,14547464.73,35947512.72
high_IV_WOI,Ecoregions Level 3,Northern Minnesota Wetlands,B (Max Min),18065379,16258841100,3,15.3,12.3,12.939646,2.323981,233759616.6,1625884.11,4017640.93
high_IV_WOI,Ecoregions Level 3,Southern Michigan/Northern Indiana Drift Plains,B (Max Min),14823162,13340845800,3,18.5,15.5,18.373068,0.97052,272346963.3,1334084.58,3296589.701
high_IV_WOI,Ecoregions Level 3,Acadian Plains and Hills,C (Max Max),37305560,33575004000,7,26,19,25.341636,2.239334,945383927.6,3357500.4,8296551.363
high_IV_WOI,Ecoregions Level 3,Driftless Area,C (Max Max),16511497,14860347300,7,26,19,25.924729,0.778264,428056078.5,1486034.73,3672066.12
high_IV_WOI,Ecoregions Level 3,Eastern Great Lakes Lowlands,C (Max Max),17524170,15771753000,5.75,26,20.25,25.52853,1.950487,447366295.2,1577175.3,3897279.025
high_IV_WOI,Ecoregions Level 3,Erie Drift Plain,C (Max Max),14027349,12624614100,7,26,19,25.999697,0.061734,364706823.5,1262461.41,3119605.267
high_IV_WOI,Ecoregions Level 3,North Central Appalachians,C (Max Max),25914774,23323296600,7,26,19,25.873702,0.96664,670511136.6,2332329.66,5763303.206
high_IV_WOI,Ecoregions Level 3,North Central Hardwood Forests,C (Max Max),32823906,29541515400,7,26,19,23.454644,3.704382,769873018.3,2954151.54,7299856.163
high_IV_WOI,Ecoregions Level 3,Northeastern Coastal Zone,C (Max Max),23890407,21501366300,6.5,26,19.5,25.989626,0.39277,620902752,2150136.63,5313095.12
high_IV_WOI,Ecoregions Level 3,Northern Allegheny Plateau,C (Max Max),30982814,27884532600,7,26,19,25.784604,1.254392,798879574.8,2788453.26,6890407.428
high_IV_WOI,Ecoregions Level 3,Northern Appalachian and Atlantic Maritime Highlands,C (Max Max),117310848,105579763200,6.5,26,19.5,23.449479,3.055883,2750878214,10557976.32,26089287.39
high_IV_WOI,Ecoregions Level 3,Northern Lakes and Forests,C (Max Max),161638497,145474647300,6.5,26,19.5,22.127613,3.263153,3576674116,14547464.73,35947512.72
high_IV_WOI,Ecoregions Level 3,Northern Minnesota Wetlands,C (Max Max),18065379,16258841100,5.75,21.1,15.35,19.634411,2.605244,354703072.5,1625884.11,4017640.93
high_IV_WOI,Ecoregions Level 3,Southern Michigan/Northern Indiana Drift Plains,C (Max Max),14823162,13340845800,5.75,26,20.25,25.828246,1.35837,382856275.9,1334084.58,3296589.701
high_IV_WOI,Ecoregions Level 3,Acadian Plains and Hills,D (Min Max),37305560,33575004000,5.75,21.1,15.35,6.644442,1.00108,247874639.6,3357500.4,8296551.363
high_IV_WOI,Ecoregions Level 3,Driftless Area,D (Min Max),16511497,14860347300,5.75,18,12.25,11.162575,3.675098,184310830.4,1486034.73,3672066.12
high_IV_WOI,Ecoregions Level 3,Eastern Great Lakes Lowlands,D (Min Max),17524170,15771753000,5.75,26,20.25,8.349623,3.552124,146320206.3,1577175.3,3897279.025
high_IV_WOI,Ecoregions Level 3,Erie Drift Plain,D (Min Max),14027349,12624614100,6.5,18,11.5,8.547311,3.171859,119896113,1262461.41,3119605.267
high_IV_WOI,Ecoregions Level 3,North Central Appalachians,D (Min Max),25914774,23323296600,6.5,18,11.5,7.167773,0.941988,185751216.5,2332329.66,5763303.206
high_IV_WOI,Ecoregions Level 3,North Central Hardwood Forests,D (Min Max),32823906,29541515400,5.75,26,20.25,8.506592,2.783364,279219566.2,2954151.54,7299856.163
high_IV_WOI,Ecoregions Level 3,Northeastern Coastal Zone,D (Min Max),23890407,21501366300,5.75,18,12.25,7.955654,2.660597,190063817,2150136.63,5313095.12
high_IV_WOI,Ecoregions Level 3,Northern Allegheny Plateau,D (Min Max),30982814,27884532600,5.75,18,12.25,7.256894,1.166423,224838990,2788453.26,6890407.428
high_IV_WOI,Ecoregions Level 3,Northern Appalachian and Atlantic Maritime Highlands,D (Min Max),117310848,105579763200,5.75,18,12.25,6.798053,1.007092,797485326.5,10557976.32,26089287.39
high_IV_WOI,Ecoregions Level 3,Northern Lakes and Forests,D (Min Max),161638497,145474647300,5.75,26,20.25,7.187882,0.897877,1161838422,14547464.73,35947512.72
high_IV_WOI,Ecoregions Level 3,Northern Minnesota Wetlands,D (Min Max),18065379,16258841100,5.75,17.25,11.5,7.190112,1.392948,129892103,1625884.11,4017640.93
high_IV_WOI,Ecoregions Level 3,Southern Michigan/Northern Indiana Drift Plains,D (Min Max),14823162,13340845800,5.75,26,20.25,12.071291,4.714787,178934701.8,1334084.58,3296589.701
high_IV_WOI,Forest Service Admin Areas,Allegheny National Forest,A (Min Min),3131455,2818309500,3,7,4,3.037874,0.385164,9512966.75,281830.95,696418.369
high_IV_WOI,Forest Service Admin Areas,Chequamegon-Nicolet National Forest,A (Min Min),7881826,7093643400,3,7,4,3.171366,0.630711,24996157.16,709364.34,1752874.752
high_IV_WOI,Forest Service Admin Areas,Chippewa National Forest,A (Min Min),5204901,4684410900,3,7,4,3.505293,1.006495,18244704.92,468441.09,1157541.355
high_IV_WOI,Forest Service Admin Areas,Daniel Boone National Forest,A (Min Min),7456917,6711225300,3,8.5,5.5,3.042295,0.409135,22686141.75,671122.53,1658377.328
high_IV_WOI,Forest Service Admin Areas,George Washington and Jefferson National Forest,A (Min Min),12272660,11045394000,3,12.5,9.5,3.701593,1.487555,45428396,1104539.4,2729372.084
high_IV_WOI,Forest Service Admin Areas,Green Mountain and Finger Lakes National Forests,A (Min Min),3451563,3106406700,3,12.5,9.5,3.097583,0.523844,10691502.25,310640.67,767608.6276
high_IV_WOI,Forest Service Admin Areas,Hiawatha National Forest,A (Min Min),4971268,4474141200,3,17.25,14.25,3.363911,0.882667,16722903.18,447414.12,1105582.661
high_IV_WOI,Forest Service Admin Areas,Hoosier National Forest,A (Min Min),2124016,1911614400,3,14.5,11.5,4.076691,1.740105,8658957.25,191161.44,472369.4763
high_IV_WOI,Forest Service Admin Areas,Huron-Manistee National Forest,A (Min Min),6356028,5720425200,3,17.25,14.25,3.491174,1.281186,22189996.85,572042.52,1413545.669
high_IV_WOI,Forest Service Admin Areas,Land Between the Lakes National Recreation Area,A (Min Min),424628,382165200,3,14.5,11.5,3.127505,0.705566,1328026,38216.52,94434.93175
high_IV_WOI,Forest Service Admin Areas,Midewin National Tallgrass Prairie,A (Min Min),28426,25583400,5,12.5,7.5,7.029234,2.087479,199813,2558.34,6321.786057
high_IV_WOI,Forest Service Admin Areas,Monongahela National Forest,A (Min Min),6847312,6162580800,3,12.5,9.5,3.208926,0.887633,21972514.5,616258.08,1522804.529
high_IV_WOI,Forest Service Admin Areas,Ottawa National Forest,A (Min Min),6371349,5734214100,3,17.25,14.25,3.212191,0.679147,20465992.6,573421.41,1416952.975
high_IV_WOI,Forest Service Admin Areas,Shawnee National Forest,A (Min Min),2152014,1936812600,3,14.5,11.5,3.904348,1.656099,8402212.5,193681.26,478596.0775
high_IV_WOI,Forest Service Admin Areas,Superior National Forest,A (Min Min),14802092,13321882800,3,7,4,3.465086,0.928148,51290519.3,1332188.28,3291903.849
high_IV_WOI,Forest Service Admin Areas,Wayne National Forest,A (Min Min),3001786,2701607400,3,12.5,9.5,4.067309,2.075611,12209191.25,270160.74,667580.6966
high_IV_WOI,Forest Service Admin Areas,White Mountain National Forest,A (Min Min),4049767,3644790300,3,7,4,3.02637,0.249528,12256091.75,364479.03,900645.9071
high_IV_WOI,Forest Service Admin Areas,Allegheny National Forest,B (Max Min),3131455,2818309500,5,18.5,13.5,18.309814,0.558449,57336357.75,281830.95,696418.369
high_IV_WOI,Forest Service Admin Areas,Chequamegon-Nicolet National Forest,B (Max Min),7881826,7093643400,5,18.5,13.5,17.280005,1.569511,136197992.3,709364.34,1752874.752
high_IV_WOI,Forest Service Admin Areas,Chippewa National Forest,B (Max Min),5204901,4684410900,5.4,15.3,9.9,14.265796,2.045788,74252055.31,468441.09,1157541.355
high_IV_WOI,Forest Service Admin Areas,Daniel Boone National Forest,B (Max Min),7456917,6711225300,3,18.5,15.5,18.419328,0.942738,137351398.5,671122.53,1658377.328
high_IV_WOI,Forest Service Admin Areas,George Washington and Jefferson National Forest,B (Max Min),12272660,11045394000,3,18.5,15.5,17.811184,1.748697,218590609,1104539.4,2729372.084
high_IV_WOI,Forest Service Admin Areas,Green Mountain and Finger Lakes National Forests,B (Max Min),3451563,3106406700,9,18.5,9.5,13.655321,3.272314,47132201.1,310640.67,767608.6276
high_IV_WOI,Forest Service Admin Areas,Hiawatha National Forest,B (Max Min),4971268,4474141200,5,18.5,13.5,12.879787,3.151523,64028873.7,447414.12,1105582.661
high_IV_WOI,Forest Service Admin Areas,Hoosier National Forest,B (Max Min),2124016,1911614400,3,18.5,15.5,18.497591,0.173934,39289179.25,191161.44,472369.4763
high_IV_WOI,Forest Service Admin Areas,Huron-Manistee National Forest,B (Max Min),6356028,5720425200,5,18.5,13.5,16.283051,3.414963,103495529.7,572042.52,1413545.669
high_IV_WOI,Forest Service Admin Areas,Land Between the Lakes National Recreation Area,B (Max Min),424628,382165200,3,18.5,15.5,18.484922,0.441691,7849215.5,38216.52,94434.93175
high_IV_WOI,Forest Service Admin Areas,Midewin National Tallgrass Prairie,B (Max Min),28426,25583400,14.5,17.25,2.75,17.013562,0.77091,483627.5,2558.34,6321.786057
high_IV_WOI,Forest Service Admin Areas,Monongahela National Forest,B (Max Min),6847312,6162580800,11,18.5,7.5,14.529071,3.415949,99485080.5,616258.08,1522804.529
high_IV_WOI,Forest Service Admin Areas,Ottawa National Forest,B (Max Min),6371349,5734214100,5,18.5,13.5,16.832576,1.469983,107246214.6,573421.41,1416952.975
high_IV_WOI,Forest Service Admin Areas,Shawnee National Forest,B (Max Min),2152014,1936812600,7,18.5,11.5,18.462806,0.3903,39732217,193681.26,478596.0775
high_IV_WOI,Forest Service Admin Areas,Superior National Forest,B (Max Min),14802092,13321882800,5,17.25,12.25,14.965636,1.064638,221522715.4,1332188.28,3291903.849
high_IV_WOI,Forest Service Admin Areas,Wayne National Forest,B (Max Min),3001786,2701607400,7,18.5,11.5,18.499799,0.04637,55532438,270160.74,667580.6966
high_IV_WOI,Forest Service Admin Areas,White Mountain National Forest,B (Max Min),4049767,3644790300,9,18.5,9.5,14.021878,3.180966,56785339.76,364479.03,900645.9071
high_IV_WOI,Forest Service Admin Areas,Allegheny National Forest,C (Max Max),3131455,2818309500,7,26,19,25.950676,0.608156,81263373,281830.95,696418.369
high_IV_WOI,Forest Service Admin Areas,Chequamegon-Nicolet National Forest,C (Max Max),7881826,7093643400,7,26,19,24.697097,2.269855,194658219.7,709364.34,1752874.752
high_IV_WOI,Forest Service Admin Areas,Chippewa National Forest,C (Max Max),5204901,4684410900,13.25,21.1,7.85,20.377324,1.658365,106061954.7,468441.09,1157541.355
high_IV_WOI,Forest Service Admin Areas,Daniel Boone National Forest,C (Max Max),7456917,6711225300,6.5,26,19.5,25.894709,1.233756,193094694.8,671122.53,1658377.328
high_IV_WOI,Forest Service Admin Areas,George Washington and Jefferson National Forest,C (Max Max),12272660,11045394000,6.75,26,19.25,25.353912,2.208478,311159945.3,1104539.4,2729372.084
high_IV_WOI,Forest Service Admin Areas,Green Mountain and Finger Lakes National Forests,C (Max Max),3451563,3106406700,15,26,11,20.85808,3.396192,71992978.54,310640.67,767608.6276
high_IV_WOI,Forest Service Admin Areas,Hiawatha National Forest,C (Max Max),4971268,4474141200,7,26,19,20.220793,3.480253,100522981.5,447414.12,1105582.661
high_IV_WOI,Forest Service Admin Areas,Hoosier National Forest,C (Max Max),2124016,1911614400,6.75,26,19.25,25.996968,0.219653,55217975.5,191161.44,472369.4763
high_IV_WOI,Forest Service Admin Areas,Huron-Manistee National Forest,C (Max Max),6356028,5720425200,7,26,19,23.765843,3.487385,151056362.6,572042.52,1413545.669
high_IV_WOI,Forest Service Admin Areas,Land Between the Lakes National Recreation Area,C (Max Max),424628,382165200,6.75,26,19.25,25.983642,0.500622,11033382,38216.52,94434.93175
high_IV_WOI,Forest Service Admin Areas,Midewin National Tallgrass Prairie,C (Max Max),28426,25583400,18,26,8,25.312179,2.242648,719524,2558.34,6321.786057
high_IV_WOI,Forest Service Admin Areas,Monongahela National Forest,C (Max Max),6847312,6162580800,17.25,26,8.75,21.516476,3.928391,147330023.8,616258.08,1522804.529
high_IV_WOI,Forest Service Admin Areas,Ottawa National Forest,C (Max Max),6371349,5734214100,7,26,19,24.449263,2.397789,155774790,573421.41,1416952.975
high_IV_WOI,Forest Service Admin Areas,Shawnee National Forest,C (Max Max),2152014,1936812600,12.5,26,13.5,25.926589,0.763446,55794382.75,193681.26,478596.0775
high_IV_WOI,Forest Service Admin Areas,Superior National Forest,C (Max Max),14802092,13321882800,7,26,19,20.954843,0.793441,310175506.8,1332188.28,3291903.849
high_IV_WOI,Forest Service Admin Areas,Wayne National Forest,C (Max Max),3001786,2701607400,12.5,26,13.5,25.999763,0.054605,78045725,270160.74,667580.6966
high_IV_WOI,Forest Service Admin Areas,White Mountain National Forest,C (Max Max),4049767,3644790300,15,26,11,21.311189,3.403981,86305350.04,364479.03,900645.9071
high_IV_WOI,Forest Service Admin Areas,Allegheny National Forest,D (Min Max),3131455,2818309500,6.5,12.5,6,7.03093,0.405027,22017040.75,281830.95,696418.369
high_IV_WOI,Forest Service Admin Areas,Chequamegon-Nicolet National Forest,D (Min Max),7881826,7093643400,5.75,13.25,7.5,7.050652,0.568865,55572010.5,709364.34,1752874.752
high_IV_WOI,Forest Service Admin Areas,Chippewa National Forest,D (Min Max),5204901,4684410900,5.75,13.25,7.5,7.429924,1.071559,38672017.5,468441.09,1157541.355
high_IV_WOI,Forest Service Admin Areas,Daniel Boone National Forest,D (Min Max),7456917,6711225300,6.5,14,7.5,7.428727,1.060431,55395398,671122.53,1658377.328
high_IV_WOI,Forest Service Admin Areas,George Washington and Jefferson National Forest,D (Min Max),12272660,11045394000,5.75,18,12.25,8.217448,1.671241,100849944.5,1104539.4,2729372.084
high_IV_WOI,Forest Service Admin Areas,Green Mountain and Finger Lakes National Forests,D (Min Max),3451563,3106406700,5.75,18,12.25,6.946491,0.522007,23976250.75,310640.67,767608.6276
high_IV_WOI,Forest Service Admin Areas,Hiawatha National Forest,D (Min Max),4971268,4474141200,5.75,26,20.25,7.157423,0.872223,35581469.75,447414.12,1105582.661
high_IV_WOI,Forest Service Admin Areas,Hoosier National Forest,D (Min Max),2124016,1911614400,6.75,18,11.25,8.60008,2.110388,18266706.5,191161.44,472369.4763
high_IV_WOI,Forest Service Admin Areas,Huron-Manistee National Forest,D (Min Max),6356028,5720425200,5.75,26,20.25,7.334056,1.568188,46615462.25,572042.52,1413545.669
high_IV_WOI,Forest Service Admin Areas,Land Between the Lakes National Recreation Area,D (Min Max),424628,382165200,6.75,18,11.25,6.965473,1.032337,2957735,38216.52,94434.93175
high_IV_WOI,Forest Service Admin Areas,Midewin National Tallgrass Prairie,D (Min Max),28426,25583400,7,18,11,10.875396,3.75804,309144,2558.34,6321.786057
high_IV_WOI,Forest Service Admin Areas,Monongahela National Forest,D (Min Max),6847312,6162580800,5.75,18,12.25,7.634409,1.270207,52275179.5,616258.08,1522804.529
high_IV_WOI,Forest Service Admin Areas,Ottawa National Forest,D (Min Max),6371349,5734214100,5.75,26,20.25,7.085981,0.368629,45147259,573421.41,1416952.975
high_IV_WOI,Forest Service Admin Areas,Shawnee National Forest,D (Min Max),2152014,1936812600,6.75,18,11.25,8.974609,1.793919,19313484.75,193681.26,478596.0775
high_IV_WOI,Forest Service Admin Areas,Superior National Forest,D (Min Max),14802092,13321882800,5.75,12.5,6.75,6.961314,0.563238,103042012.3,1332188.28,3291903.849
high_IV_WOI,Forest Service Admin Areas,Wayne National Forest,D (Min Max),3001786,2701607400,6.5,18,11.5,7.943313,2.215999,23844125.5,270160.74,667580.6966
high_IV_WOI,Forest Service Admin Areas,White Mountain National Forest,D (Min Max),4049767,3644790300,5.75,12.5,6.75,6.488093,0.641267,26275265.5,364479.03,900645.9071
high_IV_WOI,Forest Service Wilderness Areas,Allegheny Islands Wilderness,A (Min Min),1254,1128600,3,7,4,6.362041467,1.464528266,7978,112.86,278.882703
high_IV_WOI,Forest Service Wilderness Areas,Bald Knob Wilderness,A (Min Min),21834,19650600,3,7,4,3.002748008,0.104806866,65562,1965.06,4855.761513
high_IV_WOI,Forest Service Wilderness Areas,Barbours Creek Wilderness,A (Min Min),19552,17596800,3,7,4,3.154932999,0.746731719,61685.25,1759.68,4348.257264
high_IV_WOI,Forest Service Wilderness Areas,Bay Creek Wilderness,A (Min Min),11497,10347300,3,7,4,6.449095416,1.175410765,74145.25,1034.73,2556.869567
high_IV_WOI,Forest Service Wilderness Areas,Beartown Wilderness,A (Min Min),25023,22520700,3,7,4,3.097859969,0.598329139,77517.75,2252.07,5564.977574
high_IV_WOI,Forest Service Wilderness Areas,Beaver Creek Wilderness,A (Min Min),20126,18113400,3,7,4,3.00755242,0.173645155,60530,1811.34,4475.911707
high_IV_WOI,Forest Service Wilderness Areas,Big Branch Wilderness,A (Min Min),30234,27210600,3,3,0,3,0,90702,2721.06,6723.875313
high_IV_WOI,Forest Service Wilderness Areas,Big Draft Wilderness,A (Min Min),21973,19775700,3,12.5,9.5,3.92107359,1.708028544,86157.75,1977.57,4886.674349
high_IV_WOI,Forest Service Wilderness Areas,Big Island Lake Wilderness,A (Min Min),20994,18894600,3,5.400000095,2.400000095,3.234238362,0.706936678,67899.60018,1889.46,4668.950133
high_IV_WOI,Forest Service Wilderness Areas,Blackjack Springs Wilderness,A (Min Min),24078,21670200,3,5.75,2.75,3.307573303,0.828739765,79639.75,2167.02,5354.814771
high_IV_WOI,Forest Service Wilderness Areas,Boundary Waters Canoe Area Wilderness,A (Min Min),3646001,3281400900,3,7,4,3.444778265,0.940879816,12559665,328140.09,810850.5694
high_IV_WOI,Forest Service Wilderness Areas,Breadloaf Wilderness,A (Min Min),112231,101007900,3,7,4,3.000071282,0.01688553,336701,10100.79,24959.55713
high_IV_WOI,Forest Service Wilderness Areas,Bristol Cliffs Wilderness,A (Min Min),16590,14931000,3,7,4,3.140807715,0.513534313,52106,1493.1,3689.524755
high_IV_WOI,Forest Service Wilderness Areas,Brush Mountain East Wilderness,A (Min Min),15051,13545900,3,7,4,3.275313933,0.97858372,49296.75,1354.59,3347.25962
high_IV_WOI,Forest Service Wilderness Areas,Brush Mountain Wilderness,A (Min Min),19971,17973900,3,12.5,9.5,3.378373642,1.130126829,67469.5,1797.39,4441.44056
high_IV_WOI,Forest Service Wilderness Areas,Burden Falls Wilderness,A (Min Min),14721,13248900,3,7,4,5.237466884,1.944485245,77100.75,1324.89,3273.869435
high_IV_WOI,Forest Service Wilderness Areas,Caribou-Speckled Mountain Wilderness,A (Min Min),50346,45311400,3,3,0,3,0,151038,4531.14,11196.6735
high_IV_WOI,Forest Service Wilderness Areas,Charles C. Deam Wilderness,A (Min Min),54168,48751200,3,7,4,3.001624575,0.080595672,162592,4875.12,12046.66528
high_IV_WOI,Forest Service Wilderness Areas,Clear Springs Wilderness,A (Min Min),18590,16731000,3,3,0,3,0,55770,1673.1,4134.313755
high_IV_WOI,Forest Service Wilderness Areas,Clifty Wilderness,A (Min Min),44134,39720600,3,3,0,3,0,132402,3972.06,9815.158863
high_IV_WOI,Forest Service Wilderness Areas,Cranberry Wilderness,A (Min Min),213699,192329100,3,7,4,3.038296857,0.389513514,649281,19232.91,47525.48226
high_IV_WOI,Forest Service Wilderness Areas,Delirium Wilderness,A (Min Min),44197,39777300,3,5,2,3.633300903,0.9303396,160581,3977.73,9829.169717
high_IV_WOI,Forest Service Wilderness Areas,Dolly Sods Wilderness,A (Min Min),74093,66683700,3,7,4,3.304590177,1.060936159,244847,6668.37,16477.87569
high_IV_WOI,Forest Service Wilderness Areas,Garden Mountain Wilderness,A (Min Min),14948,13453200,3,7,4,3.375602087,1.127227586,50458.5,1345.32,3324.352986
high_IV_WOI,Forest Service Wilderness Areas,Garden of the Gods Wilderness,A (Min Min),16121,14508900,3,7,4,6.652564977,0.886502053,107246,1450.89,3585.221735
high_IV_WOI,Forest Service Wilderness Areas,George D. Aiken Wilderness,A (Min Min),21211,19089900,3,7,4,3.004808826,0.127997878,63735,1908.99,4717.20974
high_IV_WOI,Forest Service Wilderness Areas,Glastenbury Wilderness,A (Min Min),100221,90198900,3,7,4,3.018958103,0.20087464,302563,9019.89,22288.59918
high_IV_WOI,Forest Service Wilderness Areas,Great Gulf Wilderness,A (Min Min),18718,16846200,3,3,0,3,0,56154,1684.62,4162.780251
high_IV_WOI,Forest Service Wilderness Areas,Headwaters Wilderness,A (Min Min),94429,84986100,3,5.75,2.75,3.511617194,1.069670219,331598.5,8498.61,21000.49024
high_IV_WOI,Forest Service Wilderness Areas,Hickory Creek Wilderness,A (Min Min),38376,34538400,3,7,4,3.0068793,0.16574038,115392,3453.84,8534.611332
high_IV_WOI,Forest Service Wilderness Areas,Horseshoe Bay Wilderness,A (Min Min),16682,15013800,3,3,0,3,0,50046,1501.38,3709.985049
high_IV_WOI,Forest Service Wilderness Areas,Hunting Camp Creek Wilderness,A (Min Min),38035,34231500,3,11,8,3.418660444,1.196478535,130028.75,3423.15,8458.774808
high_IV_WOI,Forest Service Wilderness Areas,James River Face Wilderness,A (Min Min),33400,30060000,3,6.75,3.75,3.013023952,0.22061323,100635,3006,7427.9763
high_IV_WOI,Forest Service Wilderness Areas,Joseph Battell Wilderness,A (Min Min),55419,49877100,3,7,4,3.000649597,0.050970235,166293,4987.71,12324.8808
high_IV_WOI,Forest Service Wilderness Areas,Kimberling Creek Wilderness,A (Min Min),26583,23924700,3,7,4,3.395008088,1.151472295,90249.5,2392.47,5911.912994
high_IV_WOI,Forest Service Wilderness Areas,Laurel Fork North Wilderness,A (Min Min),27060,24354000,3,7,4,3.074796748,0.54184171,83204,2435.4,6017.99517
high_IV_WOI,Forest Service Wilderness Areas,Laurel Fork South Wilderness,A (Min Min),25994,23394600,3,7,4,3.150342387,0.760767188,81890,2339.46,5780.922633
high_IV_WOI,Forest Service Wilderness Areas,Lewis Fork Wilderness,A (Min Min),26672,24004800,3,3,0,3,0,80016,2400.48,5931.706104
high_IV_WOI,Forest Service Wilderness Areas,Little Dry Run Wilderness,A (Min Min),12758,11482200,3,8.5,5.5,3.75466374,1.503737375,47902,1148.22,2837.309031
high_IV_WOI,Forest Service Wilderness Areas,Little Wilson Creek Wilderness,A (Min Min),23793,21413700,3,6.75,3.75,3.000157609,0.024310704,71382.75,2141.37,5291.432339
high_IV_WOI,Forest Service Wilderness Areas,Lusk Creek Wilderness,A (Min Min),24856,22370400,3,7,4,5.885832395,1.696910216,146298.25,2237.04,5527.837692
high_IV_WOI,Forest Service Wilderness Areas,Lye Brook Wilderness,A (Min Min),80981,72882900,3,7,4,3.017534977,0.190897579,244363,7288.29,18009.729
high_IV_WOI,Forest Service Wilderness Areas,Mackinac Wilderness,A (Min Min),47500,42750000,3,5,2,3.267410526,0.680670745,155202,4275,10563.73875
high_IV_WOI,Forest Service Wilderness Areas,McCormick Wilderness,A (Min Min),72136,64922400,3,5,2,3.150715316,0.527935152,227280,6492.24,16042.64965
high_IV_WOI,Forest Service Wilderness Areas,Mountain Lake Wilderness,A (Min Min),71755,64579500,3,12.5,9.5,4.115587764,1.710336739,295314,6457.95,15957.91735
high_IV_WOI,Forest Service Wilderness Areas,Nordhouse Dunes Wilderness,A (Min Min),10042,9037800,3,7,4,5.244373631,1.416475843,52664,903.78,2233.285569
high_IV_WOI,Forest Service Wilderness Areas,Otter Creek Wilderness,A (Min Min),92375,83137500,3,7,4,3.155410014,0.772973338,291481,8313.75,20543.69194
high_IV_WOI,Forest Service Wilderness Areas,Panther Den Wilderness,A (Min Min),4120,3708000,3,3,0,3,0,12360,370.8,916.26534
high_IV_WOI,Forest Service Wilderness Areas,Pemigewasset Wilderness,A (Min Min),204675,184207500,3,7,4,3.000195432,0.027958701,614065,18420.75,45518.59429
high_IV_WOI,Forest Service Wilderness Areas,Peru Peak Wilderness,A (Min Min),34953,31457700,3,5,2,3.001316053,0.051287172,104905,3145.77,7773.354959
high_IV_WOI,Forest Service Wilderness Areas,Peters Mountain Wilderness,A (Min Min),18362,16525800,3,11,8,4.542206731,1.850240563,83404,1652.58,4083.607809
high_IV_WOI,Forest Service Wilderness Areas,Porcupine Lake Wilderness,A (Min Min),18212,16390800,3,3,0,3,0,54636,1639.08,4050.248634
high_IV_WOI,Forest Service Wilderness Areas,Presidential Range-Dry River Wilderness,A (Min Min),121345,109210500,3,3,0,3,0,364035,10921.05,26986.4606
high_IV_WOI,Forest Service Wilderness Areas,Priest Wilderness,A (Min Min),26190,23571000,3,6.75,3.75,3.006586483,0.157022072,78742.5,2357.1,5824.511955
high_IV_WOI,Forest Service Wilderness Areas,Raccoon Branch Wilderness,A (Min Min),18966,17069400,3,7,4,3.223663398,0.888183879,61140,1706.94,4217.934087
high_IV_WOI,Forest Service Wilderness Areas,Rainbow Lake Wilderness,A (Min Min),30465,27418500,3,3,0,3,0,91395,2741.85,6775.248443
high_IV_WOI,Forest Service Wilderness Areas,Ramseys Draft Wilderness,A (Min Min),29056,26150400,3,7,4,3.06589861,0.495128149,89082.75,2615.04,6461.894592
high_IV_WOI,Forest Service Wilderness Areas,Rich Hole Wilderness,A (Min Min),26467,23820300,3,7,4,3.554029546,1.319495587,94064.5,2382.03,5886.115232
high_IV_WOI,Forest Service Wilderness Areas,Roaring Plains West Wilderness,A (Min Min),28883,25994700,3,7,4,3.024382855,0.310564032,87353.25,2599.47,6423.420344
high_IV_WOI,Forest Service Wilderness Areas,Rock River Canyon Wilderness,A (Min Min),23291,20961900,3,5.400000095,2.400000095,3.01676184,0.193937596,70263.40001,2096.19,5179.7903
high_IV_WOI,Forest Service Wilderness Areas,Rough Mountain Wilderness,A (Min Min),31500,28350000,3,12.5,9.5,4.496190476,1.821424899,141630,2835,7005.42675
high_IV_WOI,Forest Service Wilderness Areas,Round Island Wilderness,A (Min Min),1357,1221300,3,8.5,5.5,7.065585851,0.455590719,9588,122.13,301.7893365
high_IV_WOI,Forest Service Wilderness Areas,Saint Mary's Wilderness,A (Min Min),42316,38084400,3,7,4,3.264716656,0.955898422,138149.75,3808.44,9410.845662
high_IV_WOI,Forest Service Wilderness Areas,Sandwich Range Wilderness,A (Min Min),158091,142281900,3,7,4,3.000177113,0.026616186,474301,14228.19,35158.5689
high_IV_WOI,Forest Service Wilderness Areas,Shawvers Run Wilderness,A (Min Min),25907,23316300,3,7,4,3.402738642,1.16114792,88154.75,2331.63,5761.574312
high_IV_WOI,Forest Service Wilderness Areas,Spice Run Wilderness,A (Min Min),26885,24196500,3,11,8,4.228835782,1.782588203,113692.25,2419.65,5979.076133
high_IV_WOI,Forest Service Wilderness Areas,Stone Mountain Wilderness,A (Min Min),14357,12921300,3,3,0,3,0,43071,1292.13,3192.917837
high_IV_WOI,Forest Service Wilderness Areas,Sturgeon River Gorge Wilderness,A (Min Min),73597,66237300,3,5.75,2.75,3.034335639,0.289002088,223318,6623.73,16367.56802
high_IV_WOI,Forest Service Wilderness Areas,Sylvania Wilderness,A (Min Min),64084,57675600,3,5,2,3.126708695,0.487198416,200372,5767.56,14251.92914
high_IV_WOI,Forest Service Wilderness Areas,Three Ridges Wilderness,A (Min Min),19759,17783100,3,7,4,3.000607318,0.049283911,59289,1778.31,4394.292926
high_IV_WOI,Forest Service Wilderness Areas,Thunder Ridge Wilderness,A (Min Min),10586,9527400,3,3,0,3,0,31758,952.74,2354.268177
high_IV_WOI,Forest Service Wilderness Areas,Whisker Lake Wilderness,A (Min Min),30122,27109800,3,5.75,2.75,3.102275745,0.492304382,93446.75,2710.98,6698.967129
high_IV_WOI,Forest Service Wilderness Areas,Wild River Wilderness,A (Min Min),107124,96411600,3,7,4,3.000298719,0.034565702,321404,9641.16,23823.78842
high_IV_WOI,Forest Service Wilderness Areas,Allegheny Islands Wilderness,B (Max Min),1254,1128600,18.5,18.5,0,18.5,0,23199,112.86,278.882703
high_IV_WOI,Forest Service Wilderness Areas,Bald Knob Wilderness,B (Max Min),21834,19650600,14.5,18.5,4,18.162545,1.111731,396561,1965.06,4855.761513
high_IV_WOI,Forest Service Wilderness Areas,Barbours Creek Wilderness,B (Max Min),19552,17596800,14,18.5,4.5,18.469658,0.327294,361118.75,1759.68,4348.257264
high_IV_WOI,Forest Service Wilderness Areas,Bay Creek Wilderness,B (Max Min),11497,10347300,18.5,18.5,0,18.5,0,212694.5,1034.73,2556.869567
high_IV_WOI,Forest Service Wilderness Areas,Beartown Wilderness,B (Max Min),25023,22520700,11,18.5,7.5,13.64114,3.079766,341342.25,2252.07,5564.977574
high_IV_WOI,Forest Service Wilderness Areas,Beaver Creek Wilderness,B (Max Min),20126,18113400,6.75,18.5,11.75,18.480734,0.475401,371943.25,1811.34,4475.911707
high_IV_WOI,Forest Service Wilderness Areas,Big Branch Wilderness,B (Max Min),30234,27210600,11,18.5,7.5,12.311967,2.809806,372240,2721.06,6723.875313
high_IV_WOI,Forest Service Wilderness Areas,Big Draft Wilderness,B (Max Min),21973,19775700,17.25,18.5,1.25,17.736165,0.609385,389716.75,1977.57,4886.674349
high_IV_WOI,Forest Service Wilderness Areas,Big Island Lake Wilderness,B (Max Min),20994,18894600,9,11,2,10.801658,0.597783,226770,1889.46,4668.950133
high_IV_WOI,Forest Service Wilderness Areas,Blackjack Springs Wilderness,B (Max Min),24078,21670200,15,18.5,3.5,16.854533,0.97758,405823.4505,2167.02,5354.814771
high_IV_WOI,Forest Service Wilderness Areas,Boundary Waters Canoe Area Wilderness,B (Max Min),3646001,3281400900,5,15.3,10.3,15.17666,0.564972,55334117.25,328140.09,810850.5694
high_IV_WOI,Forest Service Wilderness Areas,Breadloaf Wilderness,B (Max Min),112231,101007900,11,18.5,7.5,11.295832,0.886698,1267742.5,10100.79,24959.55713
high_IV_WOI,Forest Service Wilderness Areas,Bristol Cliffs Wilderness,B (Max Min),16590,14931000,11,18.5,7.5,14.078433,2.814819,233561.2001,1493.1,3689.524755
high_IV_WOI,Forest Service Wilderness Areas,Brush Mountain East Wilderness,B (Max Min),15051,13545900,14.5,18.5,4,17.107418,1.751458,257483.75,1354.59,3347.25962
high_IV_WOI,Forest Service Wilderness Areas,Brush Mountain Wilderness,B (Max Min),19971,17973900,14.5,18.5,4,17.302827,1.405174,345554.75,1797.39,4441.44056
high_IV_WOI,Forest Service Wilderness Areas,Burden Falls Wilderness,B (Max Min),14721,13248900,18.5,18.5,0,18.5,0,272338.5,1324.89,3273.869435
high_IV_WOI,Forest Service Wilderness Areas,Caribou-Speckled Mountain Wilderness,B (Max Min),50346,45311400,11,18.5,7.5,15.321414,2.078763,771371.9001,4531.14,11196.6735
high_IV_WOI,Forest Service Wilderness Areas,Charles C. Deam Wilderness,B (Max Min),54168,48751200,7,18.5,11.5,18.498726,0.121026,1002039,4875.12,12046.66528
high_IV_WOI,Forest Service Wilderness Areas,Clear Springs Wilderness,B (Max Min),18590,16731000,14.5,18.5,4,17.966165,1.36028,333991,1673.1,4134.313755
high_IV_WOI,Forest Service Wilderness Areas,Clifty Wilderness,B (Max Min),44134,39720600,6.75,18.5,11.75,16.169382,4.685401,713619.5,3972.06,9815.158863
high_IV_WOI,Forest Service Wilderness Areas,Cranberry Wilderness,B (Max Min),213699,192329100,11,18.5,7.5,11.062506,0.607344,2364046.5,19232.91,47525.48226
high_IV_WOI,Forest Service Wilderness Areas,Delirium Wilderness,B (Max Min),44197,39777300,9,11,2,10.366699,0.93034,458177,3977.73,9829.169717
high_IV_WOI,Forest Service Wilderness Areas,Dolly Sods Wilderness,B (Max Min),74093,66683700,11,18.5,7.5,12.720517,2.369848,942501.25,6668.37,16477.87569
high_IV_WOI,Forest Service Wilderness Areas,Garden Mountain Wilderness,B (Max Min),14948,13453200,17.25,18.5,1.25,18.039152,0.603058,269649.25,1345.32,3324.352986
high_IV_WOI,Forest Service Wilderness Areas,Garden of the Gods Wilderness,B (Max Min),16121,14508900,18.5,18.5,0,18.5,0,298238.5,1450.89,3585.221735
high_IV_WOI,Forest Service Wilderness Areas,George D. Aiken Wilderness,B (Max Min),21211,19089900,11,13.25,2.25,11.01082,0.155652,233550.5,1908.99,4717.20974
high_IV_WOI,Forest Service Wilderness Areas,Glastenbury Wilderness,B (Max Min),100221,90198900,11,18.5,7.5,11.838627,2.28707,1186479,9019.89,22288.59918
high_IV_WOI,Forest Service Wilderness Areas,Great Gulf Wilderness,B (Max Min),18718,16846200,11,14,3,11.051328,0.345983,206858.75,1684.62,4162.780251
high_IV_WOI,Forest Service Wilderness Areas,Headwaters Wilderness,B (Max Min),94429,84986100,15,18.5,3.5,17.037382,1.307225,1608822.902,8498.61,21000.49024
high_IV_WOI,Forest Service Wilderness Areas,Hickory Creek Wilderness,B (Max Min),38376,34538400,18.5,18.5,0,18.5,0,709956,3453.84,8534.611332
high_IV_WOI,Forest Service Wilderness Areas,Horseshoe Bay Wilderness,B (Max Min),16682,15013800,9,11,2,10.907685,0.419652,181962,1501.38,3709.985049
high_IV_WOI,Forest Service Wilderness Areas,Hunting Camp Creek Wilderness,B (Max Min),38035,34231500,17.25,18.5,1.25,18.245826,0.503103,693980,3423.15,8458.774808
high_IV_WOI,Forest Service Wilderness Areas,James River Face Wilderness,B (Max Min),33400,30060000,11,18.5,7.5,18.136407,1.139774,605756,3006,7427.9763
high_IV_WOI,Forest Service Wilderness Areas,Joseph Battell Wilderness,B (Max Min),55419,49877100,11,14,3,11.103868,0.523323,615365.25,4987.71,12324.8808
high_IV_WOI,Forest Service Wilderness Areas,Kimberling Creek Wilderness,B (Max Min),26583,23924700,17.25,18.5,1.25,18.165106,0.553592,482883,2392.47,5911.912994
high_IV_WOI,Forest Service Wilderness Areas,Laurel Fork North Wilderness,B (Max Min),27060,24354000,11,18.5,7.5,11.861419,2.391359,320970,2435.4,6017.99517
high_IV_WOI,Forest Service Wilderness Areas,Laurel Fork South Wilderness,B (Max Min),25994,23394600,11,11,0,11,0,285934,2339.46,5780.922633
high_IV_WOI,Forest Service Wilderness Areas,Lewis Fork Wilderness,B (Max Min),26672,24004800,11,18.5,7.5,11.080984,0.775126,295552,2400.48,5931.706104
high_IV_WOI,Forest Service Wilderness Areas,Little Dry Run Wilderness,B (Max Min),12758,11482200,17.25,18.5,1.25,17.831106,0.623457,227489.25,1148.22,2837.309031
high_IV_WOI,Forest Service Wilderness Areas,Little Wilson Creek Wilderness,B (Max Min),23793,21413700,11,18.5,7.5,13.369163,2.755733,318092.5,2141.37,5291.432339
high_IV_WOI,Forest Service Wilderness Areas,Lusk Creek Wilderness,B (Max Min),24856,22370400,18.5,18.5,0,18.5,0,459836,2237.04,5527.837692
high_IV_WOI,Forest Service Wilderness Areas,Lye Brook Wilderness,B (Max Min),80981,72882900,11,18.5,7.5,11.507601,1.882997,931897,7288.29,18009.729
high_IV_WOI,Forest Service Wilderness Areas,Mackinac Wilderness,B (Max Min),47500,42750000,9,11,2,10.709179,0.705029,508686,4275,10563.73875
high_IV_WOI,Forest Service Wilderness Areas,McCormick Wilderness,B (Max Min),72136,64922400,15,17.25,2.25,15.728262,0.992948,1134573.903,6492.24,16042.64965
high_IV_WOI,Forest Service Wilderness Areas,Mountain Lake Wilderness,B (Max Min),71755,64579500,17.25,18.5,1.25,18.267368,0.48649,1310775,6457.95,15957.91735
high_IV_WOI,Forest Service Wilderness Areas,Nordhouse Dunes Wilderness,B (Max Min),10042,9037800,5,18.5,13.5,17.621788,3.15595,176958,903.78,2233.285569
high_IV_WOI,Forest Service Wilderness Areas,Otter Creek Wilderness,B (Max Min),92375,83137500,11,18.5,7.5,13.245023,3.391552,1223509,8313.75,20543.69194
high_IV_WOI,Forest Service Wilderness Areas,Panther Den Wilderness,B (Max Min),4120,3708000,18.5,18.5,0,18.5,0,76220,370.8,916.26534
high_IV_WOI,Forest Service Wilderness Areas,Pemigewasset Wilderness,B (Max Min),204675,184207500,9,18.5,9.5,11.42453,1.193119,2338315.75,18420.75,45518.59429
high_IV_WOI,Forest Service Wilderness Areas,Peru Peak Wilderness,B (Max Min),34953,31457700,11,13.25,2.25,11.012553,0.167588,384921.75,3145.77,7773.354959
high_IV_WOI,Forest Service Wilderness Areas,Peters Mountain Wilderness,B (Max Min),18362,16525800,17.25,18.5,1.25,18.492103,0.099038,339552,1652.58,4083.607809
high_IV_WOI,Forest Service Wilderness Areas,Porcupine Lake Wilderness,B (Max Min),18212,16390800,15,18.5,3.5,18.415248,0.538004,335378.5,1639.08,4050.248634
high_IV_WOI,Forest Service Wilderness Areas,Presidential Range-Dry River Wilderness,B (Max Min),121345,109210500,9,18.5,9.5,11.924645,1.966779,1446996,10921.05,26986.4606
high_IV_WOI,Forest Service Wilderness Areas,Priest Wilderness,B (Max Min),26190,23571000,11,18.5,7.5,17.142173,2.753934,448953.5,2357.1,5824.511955
high_IV_WOI,Forest Service Wilderness Areas,Raccoon Branch Wilderness,B (Max Min),18966,17069400,14,18.5,4.5,17.64526,0.666527,334660,1706.94,4217.934087
high_IV_WOI,Forest Service Wilderness Areas,Rainbow Lake Wilderness,B (Max Min),30465,27418500,15,18.5,3.5,18.49529,0.128312,563459,2741.85,6775.248443
high_IV_WOI,Forest Service Wilderness Areas,Ramseys Draft Wilderness,B (Max Min),29056,26150400,17,18.5,1.5,18.495431,0.075518,537403.25,2615.04,6461.894592
high_IV_WOI,Forest Service Wilderness Areas,Rich Hole Wilderness,B (Max Min),26467,23820300,11,18.5,7.5,18.379567,0.755326,486452,2382.03,5886.115232
high_IV_WOI,Forest Service Wilderness Areas,Roaring Plains West Wilderness,B (Max Min),28883,25994700,11,18.5,7.5,12.361623,2.71538,357040.75,2599.47,6423.420344
high_IV_WOI,Forest Service Wilderness Areas,Rock River Canyon Wilderness,B (Max Min),23291,20961900,15,18.5,3.5,17.377184,0.689571,404732,2096.19,5179.7903
high_IV_WOI,Forest Service Wilderness Areas,Rough Mountain Wilderness,B (Max Min),31500,28350000,14.5,18.5,4,18.448802,0.248447,581137.25,2835,7005.42675
high_IV_WOI,Forest Service Wilderness Areas,Round Island Wilderness,B (Max Min),1357,1221300,7,11,4,8.055269,1.762806,10931,122.13,301.7893365
high_IV_WOI,Forest Service Wilderness Areas,Saint Mary's Wilderness,B (Max Min),42316,38084400,11,18.5,7.5,18.337254,0.522638,775959.25,3808.44,9410.845662
high_IV_WOI,Forest Service Wilderness Areas,Sandwich Range Wilderness,B (Max Min),158091,142281900,9,18.5,9.5,11.370426,1.100177,1797562,14228.19,35158.5689
high_IV_WOI,Forest Service Wilderness Areas,Shawvers Run Wilderness,B (Max Min),25907,23316300,14,18.5,4.5,17.741055,1.002433,459617.5,2331.63,5761.574312
high_IV_WOI,Forest Service Wilderness Areas,Spice Run Wilderness,B (Max Min),26885,24196500,17.25,18.5,1.25,18.084387,0.588882,486198.75,2419.65,5979.076133
high_IV_WOI,Forest Service Wilderness Areas,Stone Mountain Wilderness,B (Max Min),14357,12921300,6.75,18.5,11.75,18.024326,1.506355,258775.25,1292.13,3192.917837
high_IV_WOI,Forest Service Wilderness Areas,Sturgeon River Gorge Wilderness,B (Max Min),73597,66237300,15,18.5,3.5,17.615337,0.782911,1296435.95,6623.73,16367.56802
high_IV_WOI,Forest Service Wilderness Areas,Sylvania Wilderness,B (Max Min),64084,57675600,15,17.25,2.25,16.020259,1.035541,1026642.304,5767.56,14251.92914
high_IV_WOI,Forest Service Wilderness Areas,Three Ridges Wilderness,B (Max Min),19759,17783100,11,18.5,7.5,14.309049,3.723801,282732.5,1778.31,4394.292926
high_IV_WOI,Forest Service Wilderness Areas,Thunder Ridge Wilderness,B (Max Min),10586,9527400,11,18.5,7.5,14.421972,3.686965,152671,952.74,2354.268177
high_IV_WOI,Forest Service Wilderness Areas,Whisker Lake Wilderness,B (Max Min),30122,27109800,15,15.3,0.3,15.085472,0.135411,454404.6016,2710.98,6698.967129
high_IV_WOI,Forest Service Wilderness Areas,Wild River Wilderness,B (Max Min),107124,96411600,9,18.5,9.5,12.478406,2.362388,1336736.8,9641.16,23823.78842
high_IV_WOI,Forest Service Wilderness Areas,Allegheny Islands Wilderness,C (Max Max),1254,1128600,26,26,0,26,0,32604,112.86,278.882703
high_IV_WOI,Forest Service Wilderness Areas,Bald Knob Wilderness,C (Max Max),21834,19650600,18,26,8,25.325089,2.223462,552948,1965.06,4855.761513
high_IV_WOI,Forest Service Wilderness Areas,Barbours Creek Wilderness,C (Max Max),19552,17596800,17.25,26,8.75,25.950069,0.632967,507375.75,1759.68,4348.257264
high_IV_WOI,Forest Service Wilderness Areas,Bay Creek Wilderness,C (Max Max),11497,10347300,26,26,0,26,0,298922,1034.73,2556.869567
high_IV_WOI,Forest Service Wilderness Areas,Beartown Wilderness,C (Max Max),25023,22520700,17.25,26,8.75,19.981037,3.952469,499985.5,2252.07,5564.977574
high_IV_WOI,Forest Service Wilderness Areas,Beaver Creek Wilderness,C (Max Max),20126,18113400,10.5,26,15.5,25.974585,0.627124,522764.5,1811.34,4475.911707
high_IV_WOI,Forest Service Wilderness Areas,Big Branch Wilderness,C (Max Max),30234,27210600,18.5,26,7.5,19.816227,2.812176,599123.8002,2721.06,6723.875313
high_IV_WOI,Forest Service Wilderness Areas,Big Draft Wilderness,C (Max Max),21973,19775700,26,26,0,26,0,571298,1977.57,4886.674349
high_IV_WOI,Forest Service Wilderness Areas,Big Island Lake Wilderness,C (Max Max),20994,18894600,15,18.5,3.5,18.152901,1.046121,381102,1889.46,4668.950133
high_IV_WOI,Forest Service Wilderness Areas,Blackjack Springs Wilderness,C (Max Max),24078,21670200,21.1,26,4.9,24.897205,2.046348,599474.9021,2167.02,5354.814771
high_IV_WOI,Forest Service Wilderness Areas,Boundary Waters Canoe Area Wilderness,C (Max Max),3646001,3281400900,7,21.1,14.1,21.055357,0.44968,76767852.16,328140.09,810850.5694
high_IV_WOI,Forest Service Wilderness Areas,Breadloaf Wilderness,C (Max Max),112231,101007900,18.5,26,7.5,18.605189,0.544107,2088079.002,10100.79,24959.55713
high_IV_WOI,Forest Service Wilderness Areas,Bristol Cliffs Wilderness,C (Max Max),16590,14931000,18.5,26,7.5,21.157227,3.048485,350998.4004,1493.1,3689.524755
high_IV_WOI,Forest Service Wilderness Areas,Brush Mountain East Wilderness,C (Max Max),15051,13545900,18,26,8,23.62461,3.655221,355574,1354.59,3347.25962
high_IV_WOI,Forest Service Wilderness Areas,Brush Mountain Wilderness,C (Max Max),19971,17973900,18,26,8,24.609984,3.031168,491486,1797.39,4441.44056
high_IV_WOI,Forest Service Wilderness Areas,Burden Falls Wilderness,C (Max Max),14721,13248900,26,26,0,26,0,382746,1324.89,3273.869435
high_IV_WOI,Forest Service Wilderness Areas,Caribou-Speckled Mountain Wilderness,C (Max Max),50346,45311400,18.5,26,7.5,22.695936,3.108044,1142649.605,4531.14,11196.6735
high_IV_WOI,Forest Service Wilderness Areas,Charles C. Deam Wilderness,C (Max Max),54168,48751200,12.5,26,13.5,25.998505,0.142074,1408287,4875.12,12046.66528
high_IV_WOI,Forest Service Wilderness Areas,Clear Springs Wilderness,C (Max Max),18590,16731000,18,26,8,24.932329,2.72056,463492,1673.1,4134.313755
high_IV_WOI,Forest Service Wilderness Areas,Clifty Wilderness,C (Max Max),44134,39720600,10.5,26,15.5,22.925568,6.180742,1011797,3972.06,9815.158863
high_IV_WOI,Forest Service Wilderness Areas,Cranberry Wilderness,C (Max Max),213699,192329100,17.25,26,8.75,18.468478,0.631369,3946695.25,19232.91,47525.48226
high_IV_WOI,Forest Service Wilderness Areas,Delirium Wilderness,C (Max Max),44197,39777300,15,18.5,3.5,17.391723,1.628094,768662,3977.73,9829.169717
high_IV_WOI,Forest Service Wilderness Areas,Dolly Sods Wilderness,C (Max Max),74093,66683700,17.25,26,8.75,19.331607,2.360989,1432336.75,6668.37,16477.87569
high_IV_WOI,Forest Service Wilderness Areas,Garden Mountain Wilderness,C (Max Max),14948,13453200,26,26,0,26,0,388648,1345.32,3324.352986
high_IV_WOI,Forest Service Wilderness Areas,Garden of the Gods Wilderness,C (Max Max),16121,14508900,26,26,0,26,0,419146,1450.89,3585.221735
high_IV_WOI,Forest Service Wilderness Areas,George D. Aiken Wilderness,C (Max Max),21211,19089900,18.5,21.1,2.6,18.512503,0.179865,392668.7,1908.99,4717.20974
high_IV_WOI,Forest Service Wilderness Areas,Glastenbury Wilderness,C (Max Max),100221,90198900,18.5,26,7.5,19.349166,2.294345,1939192.801,9019.89,22288.59918
high_IV_WOI,Forest Service Wilderness Areas,Great Gulf Wilderness,C (Max Max),18718,16846200,18.5,21.1,2.6,18.548755,0.352685,347195.6001,1684.62,4162.780251
high_IV_WOI,Forest Service Wilderness Areas,Headwaters Wilderness,C (Max Max),94429,84986100,21.1,26,4.9,24.653018,2.187659,2327959.81,8498.61,21000.49024
high_IV_WOI,Forest Service Wilderness Areas,Hickory Creek Wilderness,C (Max Max),38376,34538400,26,26,0,26,0,997776,3453.84,8534.611332
high_IV_WOI,Forest Service Wilderness Areas,Horseshoe Bay Wilderness,C (Max Max),16682,15013800,15,18.5,3.5,18.337909,0.734824,305913,1501.38,3709.985049
high_IV_WOI,Forest Service Wilderness Areas,Hunting Camp Creek Wilderness,C (Max Max),38035,34231500,26,26,0,26,0,988910,3423.15,8458.774808
high_IV_WOI,Forest Service Wilderness Areas,James River Face Wilderness,C (Max Max),33400,30060000,17.25,26,8.75,25.358271,2.188023,846966.25,3006,7427.9763
high_IV_WOI,Forest Service Wilderness Areas,Joseph Battell Wilderness,C (Max Max),55419,49877100,18.5,21.1,2.6,18.543115,0.332025,1027640.9,4987.71,12324.8808
high_IV_WOI,Forest Service Wilderness Areas,Kimberling Creek Wilderness,C (Max Max),26583,23924700,26,26,0,26,0,691158,2392.47,5911.912994
high_IV_WOI,Forest Service Wilderness Areas,Laurel Fork North Wilderness,C (Max Max),27060,24354000,17.25,26,8.75,19.343219,2.402577,523427.5,2435.4,6017.99517
high_IV_WOI,Forest Service Wilderness Areas,Laurel Fork South Wilderness,C (Max Max),25994,23394600,17.25,18.5,1.25,18.498317,0.045837,480845.25,2339.46,5780.922633
high_IV_WOI,Forest Service Wilderness Areas,Lewis Fork Wilderness,C (Max Max),26672,24004800,17.25,26,8.75,17.93616,1.046658,478393.25,2400.48,5931.706104
high_IV_WOI,Forest Service Wilderness Areas,Little Dry Run Wilderness,C (Max Max),12758,11482200,26,26,0,26,0,331708,1148.22,2837.309031
high_IV_WOI,Forest Service Wilderness Areas,Little Wilson Creek Wilderness,C (Max Max),23793,21413700,17.25,26,8.75,18.912621,3.37969,449988,2141.37,5291.432339
high_IV_WOI,Forest Service Wilderness Areas,Lusk Creek Wilderness,C (Max Max),24856,22370400,26,26,0,26,0,646256,2237.04,5527.837692
high_IV_WOI,Forest Service Wilderness Areas,Lye Brook Wilderness,C (Max Max),80981,72882900,18.5,26,7.5,19.006786,1.882567,1539188.5,7288.29,18009.729
high_IV_WOI,Forest Service Wilderness Areas,Mackinac Wilderness,C (Max Max),47500,42750000,15,18.5,3.5,17.991063,1.2338,854575.5,4275,10563.73875
high_IV_WOI,Forest Service Wilderness Areas,McCormick Wilderness,C (Max Max),72136,64922400,21,26,5,22.508632,2.263195,1623682.708,6492.24,16042.64965
high_IV_WOI,Forest Service Wilderness Areas,Mountain Lake Wilderness,C (Max Max),71755,64579500,26,26,0,26,0,1865630,6457.95,15957.91735
high_IV_WOI,Forest Service Wilderness Areas,Nordhouse Dunes Wilderness,C (Max Max),10042,9037800,7,26,19,24.89529,4.017298,249998.5,903.78,2233.285569
high_IV_WOI,Forest Service Wilderness Areas,Otter Creek Wilderness,C (Max Max),92375,83137500,17.25,26,8.75,20.39157,3.623259,1883671.25,8313.75,20543.69194
high_IV_WOI,Forest Service Wilderness Areas,Panther Den Wilderness,C (Max Max),4120,3708000,26,26,0,26,0,107120,370.8,916.26534
high_IV_WOI,Forest Service Wilderness Areas,Pemigewasset Wilderness,C (Max Max),204675,184207500,15,26,11,18.820823,1.1172,3852151.907,18420.75,45518.59429
high_IV_WOI,Forest Service Wilderness Areas,Peru Peak Wilderness,C (Max Max),34953,31457700,18.5,21.1,2.6,18.514505,0.193657,647137.5001,3145.77,7773.354959
high_IV_WOI,Forest Service Wilderness Areas,Peters Mountain Wilderness,C (Max Max),18362,16525800,26,26,0,26,0,477412,1652.58,4083.607809
high_IV_WOI,Forest Service Wilderness Areas,Porcupine Lake Wilderness,C (Max Max),18212,16390800,21,26,5,25.878926,0.768577,471307,1639.08,4050.248634
high_IV_WOI,Forest Service Wilderness Areas,Presidential Range-Dry River Wilderness,C (Max Max),121345,109210500,15,26,11,19.128555,1.848578,2321154.503,10921.05,26986.4606
high_IV_WOI,Forest Service Wilderness Areas,Priest Wilderness,C (Max Max),26190,23571000,17.25,26,8.75,24.364433,3.262239,638104.5,2357.1,5824.511955
high_IV_WOI,Forest Service Wilderness Areas,Raccoon Branch Wilderness,C (Max Max),18966,17069400,17.25,26,8.75,25.936333,0.743659,491908.5,1706.94,4217.934087
high_IV_WOI,Forest Service Wilderness Areas,Rainbow Lake Wilderness,C (Max Max),30465,27418500,21,26,5,25.993271,0.183303,791885,2741.85,6775.248443
high_IV_WOI,Forest Service Wilderness Areas,Ramseys Draft Wilderness,C (Max Max),29056,26150400,23,26,3,25.999897,0.017599,755453,2615.04,6461.894592
high_IV_WOI,Forest Service Wilderness Areas,Rich Hole Wilderness,C (Max Max),26467,23820300,17.25,26,8.75,25.808582,1.279947,683075.75,2382.03,5886.115232
high_IV_WOI,Forest Service Wilderness Areas,Roaring Plains West Wilderness,C (Max Max),28883,25994700,17.25,26,8.75,19.660241,2.725432,567846.75,2599.47,6423.420344
high_IV_WOI,Forest Service Wilderness Areas,Rock River Canyon Wilderness,C (Max Max),23291,20961900,21,26,5,25.78876,1.005773,600646,2096.19,5179.7903
high_IV_WOI,Forest Service Wilderness Areas,Rough Mountain Wilderness,C (Max Max),31500,28350000,18,26,8,25.999746,0.045074,818992,2835,7005.42675
high_IV_WOI,Forest Service Wilderness Areas,Round Island Wilderness,C (Max Max),1357,1221300,12.5,18.5,6,14.082903,2.644208,19110.5,122.13,301.7893365
high_IV_WOI,Forest Service Wilderness Areas,Saint Mary's Wilderness,C (Max Max),42316,38084400,17.25,26,8.75,25.956577,0.614873,1098378.5,3808.44,9410.845662
high_IV_WOI,Forest Service Wilderness Areas,Sandwich Range Wilderness,C (Max Max),158091,142281900,15,26,11,18.756557,1.007798,2965242.804,14228.19,35158.5689
high_IV_WOI,Forest Service Wilderness Areas,Shawvers Run Wilderness,C (Max Max),25907,23316300,17.25,26,8.75,25.618646,1.782756,663702.25,2331.63,5761.574312
high_IV_WOI,Forest Service Wilderness Areas,Spice Run Wilderness,C (Max Max),26885,24196500,26,26,0,26,0,699010,2419.65,5979.076133
high_IV_WOI,Forest Service Wilderness Areas,Stone Mountain Wilderness,C (Max Max),14357,12921300,10.5,26,15.5,25.153914,2.603529,361134.75,1292.13,3192.917837
high_IV_WOI,Forest Service Wilderness Areas,Sturgeon River Gorge Wilderness,C (Max Max),73597,66237300,21,26,5,25.79185,0.988465,1898202.801,6623.73,16367.56802
high_IV_WOI,Forest Service Wilderness Areas,Sylvania Wilderness,C (Max Max),64084,57675600,21,26,5,23.096984,2.42978,1480147.109,5767.56,14251.92914
high_IV_WOI,Forest Service Wilderness Areas,Three Ridges Wilderness,C (Max Max),19759,17783100,17.25,26,8.75,21.691394,3.844124,428600.25,1778.31,4394.292926
high_IV_WOI,Forest Service Wilderness Areas,Thunder Ridge Wilderness,C (Max Max),10586,9527400,17.25,26,8.75,21.524018,4.037756,227853.25,952.74,2354.268177
high_IV_WOI,Forest Service Wilderness Areas,Whisker Lake Wilderness,C (Max Max),30122,27109800,21,21.1,0.1,21.032727,0.046922,633547.8038,2710.98,6698.967129
high_IV_WOI,Forest Service Wilderness Areas,Wild River Wilderness,C (Max Max),107124,96411600,15,26,11,19.900374,2.630638,2131807.703,9641.16,23823.78842
high_IV_WOI,Forest Service Wilderness Areas,Allegheny Islands Wilderness,D (Min Max),1254,1128600,6.5,12.5,6,11.619418,2.021772,14570.75,112.86,278.882703
high_IV_WOI,Forest Service Wilderness Areas,Bald Knob Wilderness,D (Min Max),21834,19650600,6.75,12.5,5.75,8.143354,0.716055,177802,1965.06,4855.761513
high_IV_WOI,Forest Service Wilderness Areas,Barbours Creek Wilderness,D (Min Max),19552,17596800,6.5,12.5,6,7.438369,1.070995,145435,1759.68,4348.257264
high_IV_WOI,Forest Service Wilderness Areas,Bay Creek Wilderness,D (Min Max),11497,10347300,8.5,12.5,4,10.981169,1.247427,126250.5,1034.73,2556.869567
high_IV_WOI,Forest Service Wilderness Areas,Beartown Wilderness,D (Min Max),25023,22520700,6.5,12.5,6,8.364445,0.946321,209303.5,2252.07,5564.977574
high_IV_WOI,Forest Service Wilderness Areas,Beaver Creek Wilderness,D (Min Max),20126,18113400,6.5,12.5,6,7.945593,0.920197,159913,1811.34,4475.911707
high_IV_WOI,Forest Service Wilderness Areas,Big Branch Wilderness,D (Min Max),30234,27210600,5.75,7.25,1.5,6.648178,0.56216,201001,2721.06,6723.875313
high_IV_WOI,Forest Service Wilderness Areas,Big Draft Wilderness,D (Min Max),21973,19775700,6.5,18,11.5,9.66221,1.3883,212307.75,1977.57,4886.674349
high_IV_WOI,Forest Service Wilderness Areas,Big Island Lake Wilderness,D (Min Max),20994,18894600,6.5,8.5,2,7.282962,0.417275,152898.5,1889.46,4668.950133
high_IV_WOI,Forest Service Wilderness Areas,Blackjack Springs Wilderness,D (Min Max),24078,21670200,6.5,8.5,2,7.165888,0.440641,172540.25,2167.02,5354.814771
high_IV_WOI,Forest Service Wilderness Areas,Boundary Waters Canoe Area Wilderness,D (Min Max),3646001,3281400900,5.75,12.5,6.75,7.063584,0.503509,25753835.5,328140.09,810850.5694
high_IV_WOI,Forest Service Wilderness Areas,Breadloaf Wilderness,D (Min Max),112231,101007900,5.75,12.5,6.75,6.743765,0.505215,756859.5,10100.79,24959.55713
high_IV_WOI,Forest Service Wilderness Areas,Bristol Cliffs Wilderness,D (Min Max),16590,14931000,5.75,12.5,6.75,6.888864,0.364924,114286.25,1493.1,3689.524755
high_IV_WOI,Forest Service Wilderness Areas,Brush Mountain East Wilderness,D (Min Max),15051,13545900,5.75,12.5,6.75,8.309763,1.322816,125070.25,1354.59,3347.25962
high_IV_WOI,Forest Service Wilderness Areas,Brush Mountain Wilderness,D (Min Max),19971,17973900,6.5,18,11.5,8.809424,1.456205,175933,1797.39,4441.44056
high_IV_WOI,Forest Service Wilderness Areas,Burden Falls Wilderness,D (Min Max),14721,13248900,6.75,12.5,5.75,10.096359,2.254916,148628.5,1324.89,3273.869435
high_IV_WOI,Forest Service Wilderness Areas,Caribou-Speckled Mountain Wilderness,D (Min Max),50346,45311400,5.75,7,1.25,6.47612,0.615569,326046.75,4531.14,11196.6735
high_IV_WOI,Forest Service Wilderness Areas,Charles C. Deam Wilderness,D (Min Max),54168,48751200,7,12.5,5.5,7.415227,1.038678,401668,4875.12,12046.66528
high_IV_WOI,Forest Service Wilderness Areas,Clear Springs Wilderness,D (Min Max),18590,16731000,8.5,8.5,0,8.5,0,158015,1673.1,4134.313755
high_IV_WOI,Forest Service Wilderness Areas,Clifty Wilderness,D (Min Max),44134,39720600,6.5,7,0.5,6.6859,0.241643,295075.5,3972.06,9815.158863
high_IV_WOI,Forest Service Wilderness Areas,Cranberry Wilderness,D (Min Max),213699,192329100,6.5,12.5,6,7.159877,0.634046,1530058.5,19232.91,47525.48226
high_IV_WOI,Forest Service Wilderness Areas,Delirium Wilderness,D (Min Max),44197,39777300,6.5,7.25,0.75,6.942683,0.160629,306845.75,3977.73,9829.169717
high_IV_WOI,Forest Service Wilderness Areas,Dolly Sods Wilderness,D (Min Max),74093,66683700,5.75,12.5,6.75,7.205117,1.595707,533848.75,6668.37,16477.87569
high_IV_WOI,Forest Service Wilderness Areas,Garden Mountain Wilderness,D (Min Max),14948,13453200,6.5,12.5,6,8.257526,1.737977,123433.5,1345.32,3324.352986
high_IV_WOI,Forest Service Wilderness Areas,Garden of the Gods Wilderness,D (Min Max),16121,14508900,6.75,12.5,5.75,11.234198,1.222465,181106.5,1450.89,3585.221735
high_IV_WOI,Forest Service Wilderness Areas,George D. Aiken Wilderness,D (Min Max),21211,19089900,7,12.5,5.5,7.004679,0.160161,148576.25,1908.99,4717.20974
high_IV_WOI,Forest Service Wilderness Areas,Glastenbury Wilderness,D (Min Max),100221,90198900,6.75,12.5,5.75,7.003108,0.068711,701858.5,9019.89,22288.59918
high_IV_WOI,Forest Service Wilderness Areas,Great Gulf Wilderness,D (Min Max),18718,16846200,5.75,7,1.25,5.982597,0.486462,111982.25,1684.62,4162.780251
high_IV_WOI,Forest Service Wilderness Areas,Headwaters Wilderness,D (Min Max),94429,84986100,6.5,8.5,2,7.394505,0.541827,698255.75,8498.61,21000.49024
high_IV_WOI,Forest Service Wilderness Areas,Hickory Creek Wilderness,D (Min Max),38376,34538400,6.75,12.5,5.75,6.995928,0.247863,268475.75,3453.84,8534.611332
high_IV_WOI,Forest Service Wilderness Areas,Horseshoe Bay Wilderness,D (Min Max),16682,15013800,5.75,7.25,1.5,5.783344,0.21239,96477.75,1501.38,3709.985049
high_IV_WOI,Forest Service Wilderness Areas,Hunting Camp Creek Wilderness,D (Min Max),38035,34231500,6.5,14.5,8,7.766859,1.783308,295412.5,3423.15,8458.774808
high_IV_WOI,Forest Service Wilderness Areas,James River Face Wilderness,D (Min Max),33400,30060000,6.5,10.5,4,7.260771,0.950596,242509.75,3006,7427.9763
high_IV_WOI,Forest Service Wilderness Areas,Joseph Battell Wilderness,D (Min Max),55419,49877100,5.75,12.5,6.75,6.830338,0.434885,378530.5,4987.71,12324.8808
high_IV_WOI,Forest Service Wilderness Areas,Kimberling Creek Wilderness,D (Min Max),26583,23924700,6.5,12.5,6,7.886337,1.770892,209642.5,2392.47,5911.912994
high_IV_WOI,Forest Service Wilderness Areas,Laurel Fork North Wilderness,D (Min Max),27060,24354000,6.5,12.5,6,7.121434,0.764653,192706,2435.4,6017.99517
high_IV_WOI,Forest Service Wilderness Areas,Laurel Fork South Wilderness,D (Min Max),25994,23394600,6.5,12.5,6,7.211905,1.048205,187466.25,2339.46,5780.922633
high_IV_WOI,Forest Service Wilderness Areas,Lewis Fork Wilderness,D (Min Max),26672,24004800,6.5,8.5,2,8.329287,0.441168,222158.75,2400.48,5931.706104
high_IV_WOI,Forest Service Wilderness Areas,Little Dry Run Wilderness,D (Min Max),12758,11482200,6.5,14,7.5,9.213513,1.587765,117546,1148.22,2837.309031
high_IV_WOI,Forest Service Wilderness Areas,Little Wilson Creek Wilderness,D (Min Max),23793,21413700,6.5,10.5,4,8.449334,0.351006,201035,2141.37,5291.432339
high_IV_WOI,Forest Service Wilderness Areas,Lusk Creek Wilderness,D (Min Max),24856,22370400,6.75,12.5,5.75,10.711911,1.671285,266255.25,2237.04,5527.837692
high_IV_WOI,Forest Service Wilderness Areas,Lye Brook Wilderness,D (Min Max),80981,72882900,5.75,12.5,6.75,6.946892,0.273748,562566.25,7288.29,18009.729
high_IV_WOI,Forest Service Wilderness Areas,Mackinac Wilderness,D (Min Max),47500,42750000,5.75,7.25,1.5,6.931526,0.275768,329247.5,4275,10563.73875
high_IV_WOI,Forest Service Wilderness Areas,McCormick Wilderness,D (Min Max),72136,64922400,5.75,7.25,1.5,6.874484,0.384806,495897.75,6492.24,16042.64965
high_IV_WOI,Forest Service Wilderness Areas,Mountain Lake Wilderness,D (Min Max),71755,64579500,6.5,18,11.5,8.519441,1.726631,611312.5,6457.95,15957.91735
high_IV_WOI,Forest Service Wilderness Areas,Nordhouse Dunes Wilderness,D (Min Max),10042,9037800,5.75,12.5,6.75,8.618876,2.675868,86550.75,903.78,2233.285569
high_IV_WOI,Forest Service Wilderness Areas,Otter Creek Wilderness,D (Min Max),92375,83137500,6.5,12.5,6,7.562907,1.176919,698623.5,8313.75,20543.69194
high_IV_WOI,Forest Service Wilderness Areas,Panther Den Wilderness,D (Min Max),4120,3708000,8.5,8.5,0,8.5,0,35020,370.8,916.26534
high_IV_WOI,Forest Service Wilderness Areas,Pemigewasset Wilderness,D (Min Max),204675,184207500,5.75,12.5,6.75,6.062582,0.542983,1240859,18420.75,45518.59429
high_IV_WOI,Forest Service Wilderness Areas,Peru Peak Wilderness,D (Min Max),34953,31457700,5.75,7.25,1.5,6.960726,0.218159,243298.25,3145.77,7773.354959
high_IV_WOI,Forest Service Wilderness Areas,Peters Mountain Wilderness,D (Min Max),18362,16525800,6.5,14.5,8,8.41413,1.778299,154500.25,1652.58,4083.607809
high_IV_WOI,Forest Service Wilderness Areas,Porcupine Lake Wilderness,D (Min Max),18212,16390800,5.75,7,1.25,6.487879,0.60244,118157.25,1639.08,4050.248634
high_IV_WOI,Forest Service Wilderness Areas,Presidential Range-Dry River Wilderness,D (Min Max),121345,109210500,5.75,7,1.25,6.176322,0.591848,749465.75,10921.05,26986.4606
high_IV_WOI,Forest Service Wilderness Areas,Priest Wilderness,D (Min Max),26190,23571000,6.5,10.5,4,7.264796,0.763125,190265,2357.1,5824.511955
high_IV_WOI,Forest Service Wilderness Areas,Raccoon Branch Wilderness,D (Min Max),18966,17069400,6.5,12.5,6,8.837802,1.332775,167617.75,1706.94,4217.934087
high_IV_WOI,Forest Service Wilderness Areas,Rainbow Lake Wilderness,D (Min Max),30465,27418500,5.75,7.25,1.5,6.867947,0.617809,209232,2741.85,6775.248443
high_IV_WOI,Forest Service Wilderness Areas,Ramseys Draft Wilderness,D (Min Max),29056,26150400,6.5,12.5,6,7.003605,0.581522,203496.75,2615.04,6461.894592
high_IV_WOI,Forest Service Wilderness Areas,Rich Hole Wilderness,D (Min Max),26467,23820300,6.5,12.5,6,7.684154,1.35834,203376.5,2382.03,5886.115232
high_IV_WOI,Forest Service Wilderness Areas,Roaring Plains West Wilderness,D (Min Max),28883,25994700,5.75,12.5,6.75,7.110342,0.456086,205368,2599.47,6423.420344
high_IV_WOI,Forest Service Wilderness Areas,Rock River Canyon Wilderness,D (Min Max),23291,20961900,6.5,8.5,2,7.102132,0.157514,165415.75,2096.19,5179.7903
high_IV_WOI,Forest Service Wilderness Areas,Rough Mountain Wilderness,D (Min Max),31500,28350000,6.5,18,11.5,8.306349,1.809474,261650,2835,7005.42675
high_IV_WOI,Forest Service Wilderness Areas,Round Island Wilderness,D (Min Max),1357,1221300,6.5,17.25,10.75,12.742078,1.19331,17291,122.13,301.7893365
high_IV_WOI,Forest Service Wilderness Areas,Saint Mary's Wilderness,D (Min Max),42316,38084400,6.5,12.5,6,7.576602,1.233943,320611.5,3808.44,9410.845662
high_IV_WOI,Forest Service Wilderness Areas,Sandwich Range Wilderness,D (Min Max),158091,142281900,5.75,12.5,6.75,6.248686,0.613398,987861,14228.19,35158.5689
high_IV_WOI,Forest Service Wilderness Areas,Shawvers Run Wilderness,D (Min Max),25907,23316300,6.5,12.5,6,8.89665,1.406547,230485.5,2331.63,5761.574312
high_IV_WOI,Forest Service Wilderness Areas,Spice Run Wilderness,D (Min Max),26885,24196500,6.5,14.5,8,9.038144,1.761496,242990.5,2419.65,5979.076133
high_IV_WOI,Forest Service Wilderness Areas,Stone Mountain Wilderness,D (Min Max),14357,12921300,6.5,8.5,2,7.957547,0.889186,114246.5,1292.13,3192.917837
high_IV_WOI,Forest Service Wilderness Areas,Sturgeon River Gorge Wilderness,D (Min Max),73597,66237300,6.5,8.5,2,7.115266,0.194152,523662.25,6623.73,16367.56802
high_IV_WOI,Forest Service Wilderness Areas,Sylvania Wilderness,D (Min Max),64084,57675600,6.5,7.25,0.75,7.024203,0.123959,450139,5767.56,14251.92914
high_IV_WOI,Forest Service Wilderness Areas,Three Ridges Wilderness,D (Min Max),19759,17783100,6.5,12.5,6,7.122779,0.707492,140739,1778.31,4394.292926
high_IV_WOI,Forest Service Wilderness Areas,Thunder Ridge Wilderness,D (Min Max),10586,9527400,6.5,8.5,2,7.349802,0.700543,77805,952.74,2354.268177
high_IV_WOI,Forest Service Wilderness Areas,Whisker Lake Wilderness,D (Min Max),30122,27109800,6.5,8.5,2,7.090847,0.245047,213590.5,2710.98,6698.967129
high_IV_WOI,Forest Service Wilderness Areas,Wild River Wilderness,D (Min Max),107124,96411600,5.75,12.5,6.75,6.309508,0.623766,675899.75,9641.16,23823.78842
high_IV_WOI,States,Connecticut,A (Min Min),8801266,7921139400,3,14.5,11.5,3.634662,1.451928,31989629,792113.94,1957353.151
high_IV_WOI,States,Delaware,A (Min Min),791648,712483200,3,14.5,11.5,5.072223,2.241484,4015415.5,71248.32,176058.1611
high_IV_WOI,States,District of Columbia,A (Min Min),9917,8925300,3,14.5,11.5,3.206766,1.076239,31801.5,892.53,2205.486257
high_IV_WOI,States,Illinois,A (Min Min),23495231,21145707900,3,18.5,15.5,6.960222,2.56567,163532013.8,2114570.79,5225210.151
high_IV_WOI,States,Indiana,A (Min Min),23234374,20910936600,3,18.5,15.5,5.545784,2.961692,128852816.8,2091093.66,5167196.989
high_IV_WOI,States,Iowa,A (Min Min),12057026,10851323400,3,14.5,11.5,7.060135,2.930384,85124229,1085132.34,2681416.269
high_IV_WOI,States,Kentucky,A (Min Min),58399751,52559775900,3,14.5,11.5,3.546396,1.38273,207108615.5,5255977.59,12987783.42
high_IV_WOI,States,Maine,A (Min Min),74752370,67277133000,3,13.25,10.25,3.085412,0.46375,230641873.3,6727713.3,16624515.95
high_IV_WOI,States,Maryland,A (Min Min),7330158,6597142200,3,14.5,11.5,3.963036,1.92244,29049677,659714.22,1630186.823
high_IV_WOI,States,Massachusetts,A (Min Min),13346997,12012297300,3,14.5,11.5,3.695117,1.580258,49318720.05,1201229.73,2968298.724
high_IV_WOI,States,Michigan,A (Min Min),87543082,78788773800,3,18.5,15.5,4.090874,2.516397,358127739.4,7878877.38,19469099.95
high_IV_WOI,States,Minnesota,A (Min Min),89533098,80579788200,3,14.5,11.5,3.984665,1.733749,356759417.6,8057978.82,19911668.56
high_IV_WOI,States,New Hampshire,A (Min Min),21620726,19458653400,3,12.5,9.5,3.194499,0.854708,69067380.25,1945865.34,4808330.548
high_IV_WOI,States,New Jersey,A (Min Min),7531005,6777904500,3,14.5,11.5,3.764286,1.888398,28348853.75,677790.45,1674854.091
high_IV_WOI,States,New York,A (Min Min),84486312,76037680800,3,18.5,15.5,3.813547,1.892245,322192518.8,7603768.08,18789291.11
high_IV_WOI,States,Ohio,A (Min Min),37160456,33444410400,3,18.5,15.5,4.674706,2.776867,173714192.3,3344441.04,8264281.032
high_IV_WOI,States,Pennsylvania,A (Min Min),67102268,60392041200,3,18.5,15.5,3.749909,1.710514,251627374.5,6039204.12,14923175.34
high_IV_WOI,States,Rhode Island,A (Min Min),1592396,1433156400,3,14.5,11.5,3.953694,1.727864,6295846.5,143315.64,354140.1122
high_IV_WOI,States,Vermont,A (Min Min),20620149,18558134100,3,14.5,11.5,3.171114,0.747581,65388850.25,1855813.41,4585807.727
high_IV_WOI,States,Virginia,A (Min Min),52959105,47663194500,3,18.5,15.5,3.854676,1.904849,204140196,4766319.45,11777813.68
high_IV_WOI,States,West Virginia,A (Min Min),52552906,47297615400,3,12.5,9.5,3.570951,1.445735,187663876,4729761.54,11687477.25
high_IV_WOI,States,Wisconsin,A (Min Min),75185654,67667088600,3,17.25,14.25,4.128895,2.220854,310433686.4,6766708.86,16720875.93
high_IV_WOI,States,Connecticut,B (Max Min),8801266,7921139400,3,18.5,15.5,18.495125,0.264517,162780512,792113.94,1957353.151
high_IV_WOI,States,Delaware,B (Max Min),791648,712483200,3,18.5,15.5,18.499845,0.042214,14645365.5,71248.32,176058.1611
high_IV_WOI,States,District of Columbia,B (Max Min),9917,8925300,7,18.5,11.5,18.497681,0.163297,183441.5,892.53,2205.486257
high_IV_WOI,States,Illinois,B (Max Min),23495231,21145707900,3,18.5,15.5,17.59735,0.99009,413453805.8,2114570.79,5225210.151
high_IV_WOI,States,Indiana,B (Max Min),23234374,20910936600,3,18.5,15.5,18.378884,0.540914,427021862.3,2091093.66,5167196.989
high_IV_WOI,States,Iowa,B (Max Min),12057026,10851323400,5,17.25,12.25,15.196982,2.088312,183230411.5,1085132.34,2681416.269
high_IV_WOI,States,Kentucky,B (Max Min),58399751,52559775900,3,18.5,15.5,18.337059,1.255612,1070879654,5255977.59,12987783.42
high_IV_WOI,States,Maine,B (Max Min),74752370,67277133000,3,18.5,15.5,16.711645,2.330604,1249235072,6727713.3,16624515.95
high_IV_WOI,States,Maryland,B (Max Min),7330158,6597142200,3,18.5,15.5,18.444867,0.3653,135203790,659714.22,1630186.823
high_IV_WOI,States,Massachusetts,B (Max Min),13346997,12012297300,3,18.5,15.5,18.44969,0.609375,246247960.6,1201229.73,2968298.724
high_IV_WOI,States,Michigan,B (Max Min),87543082,78788773800,3,18.5,15.5,15.201999,3.445593,1330829887,7878877.38,19469099.95
high_IV_WOI,States,Minnesota,B (Max Min),89533098,80579788200,3,18.5,15.5,14.163323,2.438841,1268086214,8057978.82,19911668.56
high_IV_WOI,States,New Hampshire,B (Max Min),21620726,19458653400,3,18.5,15.5,16.873791,2.741841,364823618,1945865.34,4808330.548
high_IV_WOI,States,New Jersey,B (Max Min),7531005,6777904500,3,18.5,15.5,18.498056,0.142129,139308954.5,677790.45,1674854.091
high_IV_WOI,States,New York,B (Max Min),84486312,76037680800,3,18.5,15.5,17.500459,2.1482,1478549248,7603768.08,18789291.11
high_IV_WOI,States,Ohio,B (Max Min),37160456,33444410400,3,18.5,15.5,18.495962,0.166207,687318363.8,3344441.04,8264281.032
high_IV_WOI,States,Pennsylvania,B (Max Min),67102268,60392041200,3,18.5,15.5,18.408361,0.551405,1235242750,6039204.12,14923175.34
high_IV_WOI,States,Rhode Island,B (Max Min),1592396,1433156400,3,18.5,15.5,18.488052,0.40979,29440300,143315.64,354140.1122
high_IV_WOI,States,Vermont,B (Max Min),20620149,18558134100,3,18.5,15.5,16.318463,2.945431,336489136.2,1855813.41,4585807.727
high_IV_WOI,States,Virginia,B (Max Min),52959105,47663194500,3,18.5,15.5,18.051744,1.513977,956004227.8,4766319.45,11777813.68
high_IV_WOI,States,West Virginia,B (Max Min),52552906,47297615400,3,18.5,15.5,17.26245,2.521099,907191901.5,4729761.54,11687477.25
high_IV_WOI,States,Wisconsin,B (Max Min),75185654,67667088600,3,18.5,15.5,17.613618,1.749627,1324291397,6766708.86,16720875.93
high_IV_WOI,States,Connecticut,C (Max Max),8801266,7921139400,10,26,16,25.994785,0.280379,228787018.5,792113.94,1957353.151
high_IV_WOI,States,Delaware,C (Max Max),791648,712483200,6.5,26,19.5,25.999814,0.050766,20582700.5,71248.32,176058.1611
high_IV_WOI,States,District of Columbia,C (Max Max),9917,8925300,12.5,26,13.5,25.997277,0.191697,257815,892.53,2205.486257
high_IV_WOI,States,Illinois,C (Max Max),23495231,21145707900,7,26,19,25.504308,1.887555,599229606.2,2114570.79,5225210.151
high_IV_WOI,States,Indiana,C (Max Max),23234374,20910936600,6.75,26,19.25,25.961264,0.648389,603193718.3,2091093.66,5167196.989
high_IV_WOI,States,Iowa,C (Max Max),12057026,10851323400,7,26,19,21.085947,4.245824,254233812.3,1085132.34,2681416.269
high_IV_WOI,States,Kentucky,C (Max Max),58399751,52559775900,6.5,26,19.5,25.782759,1.638102,1505706707,5255977.59,12987783.42
high_IV_WOI,States,Maine,C (Max Max),74752370,67277133000,7,26,19,23.885037,2.841508,1785463151,6727713.3,16624515.95
high_IV_WOI,States,Maryland,C (Max Max),7330158,6597142200,6.5,26,19.5,25.94639,0.581743,190191140.8,659714.22,1630186.823
high_IV_WOI,States,Massachusetts,C (Max Max),13346997,12012297300,6.5,26,19.5,25.946041,0.646133,346301737.8,1201229.73,2968298.724
high_IV_WOI,States,Michigan,C (Max Max),87543082,78788773800,5.75,26,20.25,22.482874,3.741077,1968220096,7878877.38,19469099.95
high_IV_WOI,States,Minnesota,C (Max Max),89533098,80579788200,5.75,26,20.25,20.515406,2.840795,1836807816,8057978.82,19911668.56
high_IV_WOI,States,New Hampshire,C (Max Max),21620726,19458653400,6.5,26,19.5,24.277113,2.945269,524888808.2,1945865.34,4808330.548
high_IV_WOI,States,New Jersey,C (Max Max),7531005,6777904500,6.5,26,19.5,25.997672,0.168181,195788598.8,677790.45,1674854.091
high_IV_WOI,States,New York,C (Max Max),84486312,76037680800,5.75,26,20.25,24.893823,2.511003,2103187330,7603768.08,18789291.11
high_IV_WOI,States,Ohio,C (Max Max),37160456,33444410400,6.5,26,19.5,25.994629,0.223415,965972270.5,3344441.04,8264281.032
high_IV_WOI,States,Pennsylvania,C (Max Max),67102268,60392041200,7,26,19,25.934356,0.707652,1740254085,6039204.12,14923175.34
high_IV_WOI,States,Rhode Island,C (Max Max),1592396,1433156400,10,26,16,25.987083,0.439819,41381727,143315.64,354140.1122
high_IV_WOI,States,Vermont,C (Max Max),20620149,18558134100,10,26,16,23.676028,3.309175,488203228.8,1855813.41,4585807.727
high_IV_WOI,States,Virginia,C (Max Max),52959105,47663194500,6.5,26,19.5,25.437739,2.16102,1347159876,4766319.45,11777813.68
high_IV_WOI,States,West Virginia,C (Max Max),52552906,47297615400,6.75,26,19.25,24.523308,3.188357,1288771118,4729761.54,11687477.25
high_IV_WOI,States,Wisconsin,C (Max Max),75185654,67667088600,5.75,26,20.25,25.071809,2.279056,1885040326,6766708.86,16720875.93
high_IV_WOI,States,Connecticut,D (Min Max),8801266,7921139400,5.75,18,12.25,7.697936,2.018245,67751584.75,792113.94,1957353.151
high_IV_WOI,States,Delaware,D (Min Max),791648,712483200,6.5,18,11.5,10.22829,2.603289,8097205.5,71248.32,176058.1611
high_IV_WOI,States,District of Columbia,D (Min Max),9917,8925300,6.5,18,11.5,7.104694,1.325992,70457.25,892.53,2205.486257
high_IV_WOI,States,Illinois,D (Min Max),23495231,21145707900,6.5,26,19.5,12.328514,2.918121,289661281.4,2114570.79,5225210.151
high_IV_WOI,States,Indiana,D (Min Max),23234374,20910936600,6.75,26,19.25,10.287498,3.561334,239023578.8,2091093.66,5167196.989
high_IV_WOI,States,Iowa,D (Min Max),12057026,10851323400,7,18,11,12.438261,3.070953,149968441,1085132.34,2681416.269
high_IV_WOI,States,Kentucky,D (Min Max),58399751,52559775900,6.5,18,11.5,8.33879,1.788381,486983281.5,5255977.59,12987783.42
high_IV_WOI,States,Maine,D (Min Max),74752370,67277133000,5.75,21.1,15.35,6.528703,0.872504,488035999.3,6727713.3,16624515.95
high_IV_WOI,States,Maryland,D (Min Max),7330158,6597142200,6.5,18,11.5,8.84137,2.219178,64808641.25,659714.22,1630186.823
high_IV_WOI,States,Massachusetts,D (Min Max),13346997,12012297300,5.75,18,12.25,7.759847,2.059719,103570660,1201229.73,2968298.724
high_IV_WOI,States,Michigan,D (Min Max),87543082,78788773800,5.75,26,20.25,8.0552,2.888987,705177067.8,7878877.38,19469099.95
high_IV_WOI,States,Minnesota,D (Min Max),89533098,80579788200,5.75,18.5,12.75,7.727748,2.042846,691889257.2,8057978.82,19911668.56
high_IV_WOI,States,New Hampshire,D (Min Max),21620726,19458653400,5.75,18,12.25,6.963571,1.197856,150557461.5,1945865.34,4808330.548
high_IV_WOI,States,New Jersey,D (Min Max),7531005,6777904500,6.5,18,11.5,8.340862,2.207477,62815070,677790.45,1674854.091
high_IV_WOI,States,New York,D (Min Max),84486312,76037680800,5.75,26,20.25,7.495313,2.175827,633251394.3,7603768.08,18789291.11
high_IV_WOI,States,Ohio,D (Min Max),37160456,33444410400,5.75,26,20.25,8.818318,3.2017,327692703.5,3344441.04,8264281.032
high_IV_WOI,States,Pennsylvania,D (Min Max),67102268,60392041200,6.5,26,19.5,7.801969,1.878824,523529800.8,6039204.12,14923175.34
high_IV_WOI,States,Rhode Island,D (Min Max),1592396,1433156400,5.75,18,12.25,7.832029,2.26028,12471691.25,143315.64,354140.1122
high_IV_WOI,States,Vermont,D (Min Max),20620149,18558134100,5.75,18,12.25,6.88043,0.81789,141875499.3,1855813.41,4585807.727
high_IV_WOI,States,Virginia,D (Min Max),52959105,47663194500,5.75,26,20.25,8.760797,2.062209,463963946.3,4766319.45,11777813.68
high_IV_WOI,States,West Virginia,D (Min Max),52552906,47297615400,5.75,18,12.25,8.25209,1.797883,433671312.3,4729761.54,11687477.25
high_IV_WOI,States,Wisconsin,D (Min Max),75185654,67667088600,5.75,26,20.25,8.221465,2.62892,618136260.2,6766708.86,16720875.93
